Data Ora;348 [°C];348 [m/s];261 [°C];261 [m/s];590 [°C];590 [m/s];154 [°C];154 [m/s];789 [°C];789 [m/s];
01.12.2022 10:42:03;---;---;---;---;---;1,10;---;0,89;---;0,95;
01.12.2022 10:42:04;9,5;1,04;9,5;0,95;9,4;0,96;9,4;0,78;9,4;---;
01.12.2022 10:42:05;9,5;0,93;9,4;0,94;9,4;0,89;9,4;0,62;9,4;0,75;
01.12.2022 10:42:06;9,5;0,64;9,4;0,88;9,4;0,81;9,4;0,65;9,4;---;
01.12.2022 10:42:07;9,5;0,79;9,4;0,85;9,3;0,90;9,4;0,73;9,4;0,73;
01.12.2022 10:42:08;9,5;0,87;9,4;0,83;9,3;0,87;9,4;0,69;9,4;0,74;
01.12.2022 10:42:09;9,5;0,90;9,4;0,84;9,3;0,91;9,4;0,63;9,4;0,78;
01.12.2022 10:42:10;9,5;0,89;9,4;0,90;9,3;0,85;9,4;0,65;9,4;0,74;
01.12.2022 10:42:11;9,5;0,74;9,4;0,82;9,3;0,87;9,4;0,63;9,4;0,81;
01.12.2022 10:42:12;9,5;0,75;9,4;0,88;9,3;0,67;9,4;0,51;9,4;0,60;
01.12.2022 10:42:13;9,5;0,65;9,4;0,69;9,3;0,71;9,4;0,64;9,4;0,63;
01.12.2022 10:42:14;9,4;0,92;9,4;0,77;9,3;0,91;9,3;0,66;9,3;0,82;
01.12.2022 10:42:15;9,4;0,97;9,3;0,92;9,2;1,00;9,3;0,66;9,3;0,78;
01.12.2022 10:42:16;9,4;0,95;9,3;0,71;9,2;0,82;9,3;0,79;9,3;0,62;
01.12.2022 10:42:17;9,4;0,95;9,3;0,65;9,2;0,87;9,3;0,72;9,3;0,72;
01.12.2022 10:42:18;9,4;0,86;9,3;0,72;9,3;0,59;9,3;0,55;9,3;0,54;
01.12.2022 10:42:19;9,4;0,51;9,4;0,56;9,3;0,18;9,4;0,25;9,4;0,22;
01.12.2022 10:42:20;9,5;0,29;9,4;0,19;9,4;0,19;9,4;0,22;9,4;0,19;
01.12.2022 10:42:21;9,5;0,30;9,5;0,20;9,4;0,17;9,5;0,20;---;---;
01.12.2022 10:42:22;9,6;0,29;9,5;0,17;9,4;0,22;9,5;0,23;9,5;0,20;
01.12.2022 10:42:23;9,6;0,36;9,5;0,36;9,4;0,23;9,5;0,14;9,5;0,29;
01.12.2022 10:42:24;9,6;0,39;9,5;0,36;9,4;0,30;9,5;---;9,5;---;
01.12.2022 10:42:25;9,6;0,42;9,5;0,34;9,4;0,40;9,5;0,19;9,5;0,40;
01.12.2022 10:42:26;9,6;0,47;9,6;0,37;9,4;0,30;9,5;0,28;9,5;0,29;
01.12.2022 10:42:27;9,6;0,57;9,6;0,46;9,4;0,64;9,5;0,51;9,5;0,52;
01.12.2022 10:42:28;9,6;0,78;9,5;0,79;9,4;0,75;9,5;0,54;9,5;---;
01.12.2022 10:42:29;9,5;0,96;9,5;0,74;9,4;0,64;9,5;0,61;9,5;0,42;
01.12.2022 10:42:30;9,5;0,92;9,5;0,37;9,4;0,57;9,5;0,52;9,5;---;
01.12.2022 10:42:31;9,5;0,70;9,5;0,65;9,4;0,64;9,5;0,41;9,5;0,55;
01.12.2022 10:42:32;9,5;0,63;9,5;0,76;9,4;0,68;9,5;0,40;9,5;0,57;
01.12.2022 10:42:33;9,5;0,72;9,5;0,61;9,4;0,62;9,5;0,46;9,5;0,53;
01.12.2022 10:42:34;9,5;0,89;9,5;0,81;9,4;0,89;9,5;0,64;9,4;0,76;
01.12.2022 10:42:35;9,5;0,63;9,5;0,89;9,4;0,72;9,4;0,56;9,4;0,56;
01.12.2022 10:42:36;9,5;0,84;9,5;0,64;9,4;0,66;9,4;0,59;9,4;0,57;
01.12.2022 10:42:37;9,5;0,72;9,5;0,64;9,4;0,48;9,4;0,39;9,4;0,44;
01.12.2022 10:42:38;9,5;0,76;9,5;0,78;9,4;0,54;9,5;0,37;9,4;0,49;
01.12.2022 10:42:39;9,5;0,40;9,5;0,67;9,4;0,41;9,5;---;---;---;
01.12.2022 10:42:40;9,5;0,48;9,5;0,68;9,4;0,76;9,5;0,51;9,4;0,64;
01.12.2022 10:42:41;9,5;0,59;9,5;0,98;9,4;0,78;9,4;0,57;9,4;0,64;
01.12.2022 10:42:42;9,5;0,64;9,4;0,88;9,4;0,63;9,4;0,49;9,4;0,54;
01.12.2022 10:42:43;9,5;0,42;9,5;0,68;9,4;0,51;9,4;0,44;9,4;0,44;
01.12.2022 10:42:44;9,5;0,50;9,5;0,69;9,4;0,56;9,4;0,42;9,4;0,47;
01.12.2022 10:42:45;9,5;0,63;9,5;0,76;9,4;0,59;9,4;0,44;9,4;0,43;
01.12.2022 10:42:46;9,5;0,38;9,5;0,64;9,4;0,53;9,4;0,43;9,4;0,47;
01.12.2022 10:42:47;9,5;0,50;9,5;0,71;9,4;0,51;9,4;0,40;9,4;0,42;
01.12.2022 10:42:48;9,5;0,37;9,4;0,65;9,4;0,49;9,4;0,41;9,4;0,45;
01.12.2022 10:42:49;9,5;0,42;9,4;0,75;9,4;0,57;9,4;0,43;9,4;0,44;
01.12.2022 10:42:50;9,5;0,40;9,4;0,60;9,4;0,43;9,4;0,36;9,4;0,35;
01.12.2022 10:42:51;9,5;0,29;9,5;0,51;9,4;0,38;9,4;0,30;9,4;---;
01.12.2022 10:42:52;9,5;0,58;9,5;0,53;9,4;0,43;9,4;0,38;9,4;0,38;
01.12.2022 10:42:53;9,5;0,63;9,5;0,47;9,4;0,42;9,4;0,34;9,4;0,38;
01.12.2022 10:42:54;9,5;0,48;9,5;0,47;9,4;0,41;9,5;0,28;9,5;0,31;
01.12.2022 10:42:55;9,5;0,24;9,5;0,32;9,4;0,21;9,5;0,18;9,5;---;
01.12.2022 10:42:56;9,5;0,21;9,5;0,20;9,4;0,14;9,5;0,13;9,5;0,11;
01.12.2022 10:42:57;9,5;0,18;9,5;0,16;9,4;0,15;9,5;0,13;9,5;0,12;
01.12.2022 10:42:58;9,5;0,18;9,5;0,14;9,4;0,18;9,5;0,21;9,5;---;
01.12.2022 10:42:59;9,5;0,40;9,5;0,23;9,4;0,32;9,5;---;9,5;0,26;
01.12.2022 10:43:00;9,5;0,29;9,5;0,34;9,4;0,26;9,5;0,16;9,5;0,22;
01.12.2022 10:43:01;9,5;0,26;9,5;0,33;9,4;0,18;9,5;0,12;9,5;---;
01.12.2022 10:43:02;9,5;0,15;9,5;0,18;9,4;0,13;9,5;0,09;9,5;0,11;
01.12.2022 10:43:03;9,5;0,12;9,5;0,12;9,4;0,15;9,5;0,06;9,5;0,08;
01.12.2022 10:43:04;9,5;0,09;9,5;0,14;9,4;0,11;9,5;0,05;9,5;0,06;
01.12.2022 10:43:05;9,5;0,07;9,5;0,11;9,4;0,12;9,5;0,06;9,5;0,06;
01.12.2022 10:43:06;9,6;0,13;9,5;0,16;9,4;0,18;9,5;0,12;9,5;---;
01.12.2022 10:43:07;9,5;0,24;9,5;0,16;9,4;0,33;9,5;0,20;9,5;0,22;
01.12.2022 10:43:08;9,5;0,38;9,5;0,32;9,4;0,50;9,5;0,35;9,5;---;
01.12.2022 10:43:09;9,5;0,56;9,5;0,31;9,4;0,38;9,5;---;9,5;0,29;
01.12.2022 10:43:10;9,5;0,39;9,5;0,28;9,4;0,37;9,5;0,24;9,5;0,32;
01.12.2022 10:43:11;9,5;0,35;9,5;0,32;9,4;0,26;9,5;0,21;9,5;0,23;
01.12.2022 10:43:12;9,5;0,42;9,5;0,21;9,4;0,40;9,5;0,29;9,5;0,34;
01.12.2022 10:43:13;9,5;0,40;9,5;0,39;9,4;0,31;9,5;0,22;9,5;0,25;
01.12.2022 10:43:14;9,5;0,35;9,5;0,30;9,4;0,23;9,5;0,15;9,5;0,20;
01.12.2022 10:43:15;9,5;0,34;9,5;0,19;9,4;0,24;9,5;0,18;9,5;---;
01.12.2022 10:43:16;9,5;0,38;9,5;0,23;9,4;0,20;9,5;0,20;9,5;0,16;
01.12.2022 10:43:17;9,5;0,40;9,5;0,17;9,4;0,30;9,5;0,22;9,5;0,25;
01.12.2022 10:43:18;9,5;0,39;9,5;0,24;9,4;0,31;9,5;0,24;9,5;---;
01.12.2022 10:43:19;9,5;0,43;9,5;0,39;9,4;0,37;9,5;0,27;9,5;0,33;
01.12.2022 10:43:20;9,5;0,43;9,5;0,41;9,4;0,37;9,5;0,28;9,5;0,34;
01.12.2022 10:43:21;9,5;0,43;9,5;0,37;9,4;0,35;9,5;0,27;9,5;0,33;
01.12.2022 10:43:22;9,5;0,40;9,5;0,40;9,4;0,37;---;---;9,5;---;
01.12.2022 10:43:23;9,5;0,42;9,5;0,34;9,4;0,21;9,5;0,17;9,5;0,22;
01.12.2022 10:43:24;9,5;0,40;9,5;0,24;9,4;0,29;9,5;---;9,5;0,29;
01.12.2022 10:43:25;9,5;0,39;9,5;0,48;9,4;0,36;9,5;0,34;9,5;---;
01.12.2022 10:43:26;9,5;0,25;9,5;0,44;9,4;0,36;9,5;0,26;9,5;0,32;
01.12.2022 10:43:27;9,5;0,35;9,5;0,53;9,4;0,42;9,5;0,28;9,5;0,39;
01.12.2022 10:43:28;9,5;0,35;9,5;0,55;9,4;0,44;9,5;0,28;9,5;0,40;
01.12.2022 10:43:29;9,5;0,36;9,5;0,59;9,4;0,46;9,5;0,38;9,5;---;
01.12.2022 10:43:30;9,4;0,52;9,5;0,61;9,4;0,47;9,5;0,36;9,5;0,39;
01.12.2022 10:43:31;9,4;0,56;9,5;0,36;9,4;0,35;9,5;0,29;9,5;---;
01.12.2022 10:43:32;9,4;0,43;9,5;0,27;9,4;0,24;9,5;---;9,5;0,22;
01.12.2022 10:43:33;9,4;0,41;9,5;0,20;9,4;0,34;9,5;0,17;9,5;0,26;
01.12.2022 10:43:34;9,4;0,43;9,5;0,31;9,4;0,38;9,5;0,30;9,5;0,24;
01.12.2022 10:43:35;9,4;0,31;9,5;0,19;9,4;0,19;9,5;0,22;9,5;0,14;
01.12.2022 10:43:36;9,5;0,23;9,5;0,18;9,4;0,18;9,5;0,15;9,5;0,15;
01.12.2022 10:43:37;9,5;0,21;9,5;0,20;9,4;0,22;9,5;0,20;9,5;0,20;
01.12.2022 10:43:38;9,5;0,24;9,5;0,28;9,4;0,20;9,5;---;9,5;---;
01.12.2022 10:43:39;9,5;0,19;9,5;0,24;9,4;0,17;9,5;0,16;9,5;0,13;
01.12.2022 10:43:40;9,5;0,21;9,5;0,20;9,4;0,18;9,5;0,14;9,5;0,14;
01.12.2022 10:43:41;9,5;0,20;9,5;0,19;9,4;0,08;9,5;0,09;9,5;0,08;
01.12.2022 10:43:42;9,5;0,19;9,5;0,12;9,4;0,11;9,5;0,09;9,5;0,07;
01.12.2022 10:43:43;9,5;0,13;9,5;0,11;9,4;0,15;9,5;0,10;9,5;0,09;
01.12.2022 10:43:44;9,5;0,13;9,5;0,11;9,4;0,11;9,5;---;---;---;
01.12.2022 10:43:45;9,5;0,17;9,5;0,09;9,4;0,19;9,5;0,18;9,5;0,08;
01.12.2022 10:43:46;9,5;0,23;9,5;0,16;9,4;0,22;9,5;0,21;9,5;0,18;
01.12.2022 10:43:47;9,5;0,24;9,5;0,26;9,4;0,20;9,5;0,16;9,5;0,12;
01.12.2022 10:43:48;9,5;0,17;9,5;0,18;9,4;0,11;9,5;0,07;9,5;0,10;
01.12.2022 10:43:49;9,5;0,10;9,5;0,18;9,4;0,11;9,5;---;9,5;0,09;
01.12.2022 10:43:50;9,5;0,09;9,5;0,17;9,4;0,09;9,5;0,04;9,5;0,06;
01.12.2022 10:43:51;9,5;0,07;9,5;0,16;9,4;0,08;9,5;---;9,5;0,04;
01.12.2022 10:43:52;9,5;0,10;9,5;0,11;9,4;0,12;9,5;0,05;9,5;0,07;
01.12.2022 10:43:53;9,5;0,15;9,5;0,11;9,4;0,10;9,5;0,08;9,5;0,08;
01.12.2022 10:43:54;9,5;0,11;9,5;0,14;9,4;0,09;9,5;0,03;9,5;0,05;
01.12.2022 10:43:55;9,5;0,13;9,5;0,09;9,4;0,09;9,5;0,02;9,5;---;
01.12.2022 10:43:56;9,5;0,12;9,5;0,11;9,4;0,10;9,5;0,05;9,5;0,06;
01.12.2022 10:43:57;9,5;0,12;9,5;0,10;9,5;0,12;9,5;---;9,5;---;
01.12.2022 10:43:58;9,5;0,13;9,5;0,15;9,5;0,10;9,5;0,03;9,5;0,10;
01.12.2022 10:43:59;9,5;0,11;9,5;0,18;9,5;0,08;9,5;0,02;9,5;---;
01.12.2022 10:44:00;9,5;0,07;9,5;0,21;9,5;0,07;9,5;0,05;9,5;0,08;
01.12.2022 10:44:01;9,5;0,09;9,6;0,19;9,5;0,07;9,5;0,03;9,5;0,04;
01.12.2022 10:44:02;9,5;0,09;9,6;0,12;9,5;0,05;9,5;---;9,5;---;
01.12.2022 10:44:03;9,5;0,07;9,6;0,13;9,5;0,06;9,6;0,01;9,5;0,03;
01.12.2022 10:44:04;9,5;0,06;9,6;0,12;9,5;0,04;9,6;0,02;---;---;
01.12.2022 10:44:05;9,5;0,08;9,6;0,10;9,5;0,06;9,6;0,04;9,6;0,03;
01.12.2022 10:44:06;9,5;0,15;9,6;0,09;9,5;0,06;9,6;0,05;9,6;0,04;
01.12.2022 10:44:07;9,5;0,15;9,6;0,10;9,5;0,10;9,6;0,09;9,6;0,08;
01.12.2022 10:44:08;9,5;0,20;9,6;0,17;9,5;0,12;9,6;---;9,6;0,10;
01.12.2022 10:44:09;9,5;0,17;9,6;0,18;9,5;0,19;---;0,09;9,6;0,17;
01.12.2022 10:44:10;9,5;0,18;9,6;0,26;9,5;0,16;9,6;0,10;9,6;0,15;
01.12.2022 10:44:11;9,5;0,17;9,6;0,17;9,5;0,13;9,6;0,10;9,6;0,13;
01.12.2022 10:44:12;9,6;0,12;9,6;0,12;9,5;0,08;9,6;0,07;9,6;---;
01.12.2022 10:44:13;9,6;0,20;9,6;0,09;9,5;0,10;9,6;---;9,6;0,06;
01.12.2022 10:44:14;9,6;0,21;9,6;0,08;9,5;0,07;9,6;0,08;9,6;---;
01.12.2022 10:44:15;9,6;0,10;9,6;0,09;9,5;0,10;9,6;0,03;9,6;0,07;
01.12.2022 10:44:16;9,6;0,10;9,6;0,14;9,5;0,07;9,6;---;9,6;---;
01.12.2022 10:44:17;9,6;0,08;9,6;0,12;9,5;0,06;9,6;0,03;9,6;0,05;
01.12.2022 10:44:18;9,6;0,07;9,6;0,08;9,5;0,09;9,6;0,03;9,6;0,07;
01.12.2022 10:44:19;9,6;0,15;9,6;0,15;9,5;0,14;9,6;0,09;9,6;0,13;
01.12.2022 10:44:20;9,6;0,10;9,6;0,17;9,5;0,09;9,6;---;9,6;0,08;
01.12.2022 10:44:21;9,6;0,06;9,6;0,14;9,5;0,05;9,6;0,06;9,6;---;
01.12.2022 10:44:22;9,6;0,06;9,6;0,12;9,5;0,07;9,6;0,01;9,6;0,04;
01.12.2022 10:44:23;9,6;0,06;9,6;0,12;9,5;0,04;9,6;0,01;9,6;---;
01.12.2022 10:44:24;9,6;0,07;9,6;0,06;9,5;0,04;9,6;0,03;9,6;0,03;
01.12.2022 10:44:25;9,6;0,07;9,6;0,10;9,5;0,05;9,6;0,00;9,6;0,02;
01.12.2022 10:44:26;9,6;0,04;9,6;0,09;9,5;0,05;9,6;---;9,6;0,01;
01.12.2022 10:44:27;9,6;0,09;9,6;0,09;9,5;0,10;9,6;0,03;9,6;---;
01.12.2022 10:44:28;9,6;0,10;9,6;0,09;9,5;0,10;9,6;0,06;9,6;0,02;
01.12.2022 10:44:29;9,6;0,12;9,6;0,09;9,5;0,06;9,6;---;9,6;---;
01.12.2022 10:44:30;9,6;0,06;9,6;0,07;9,5;0,04;9,6;0,07;9,6;0,01;
01.12.2022 10:44:31;9,6;0,14;9,6;0,06;9,5;0,09;9,6;0,15;9,6;0,01;
01.12.2022 10:44:32;9,6;0,21;9,6;0,14;9,5;0,16;9,6;0,20;9,6;0,08;
01.12.2022 10:44:33;9,6;0,21;9,6;0,09;9,5;0,21;---;---;---;---;
01.12.2022 10:44:34;9,6;0,26;9,6;0,12;9,5;0,25;9,6;0,23;9,6;0,14;
01.12.2022 10:44:35;9,6;0,28;9,6;0,09;9,5;0,20;9,6;---;9,6;0,13;
01.12.2022 10:44:36;9,6;0,20;9,6;0,12;9,5;0,18;9,6;0,21;9,6;0,15;
01.12.2022 10:44:37;9,6;0,25;9,6;0,16;9,5;0,21;9,6;0,24;9,6;0,13;
01.12.2022 10:44:38;9,6;0,20;9,6;0,16;9,5;0,18;9,6;0,20;9,6;0,13;
01.12.2022 10:44:39;9,6;0,22;9,6;0,14;9,5;0,15;9,6;---;9,6;0,09;
01.12.2022 10:44:40;9,6;0,22;9,6;0,11;9,5;0,13;9,6;0,16;9,6;---;
01.12.2022 10:44:41;9,6;0,17;9,6;0,13;9,5;0,09;9,6;0,12;9,6;0,08;
01.12.2022 10:44:42;9,6;0,16;9,6;0,08;9,5;0,14;9,6;---;9,6;0,05;
01.12.2022 10:44:43;9,6;0,18;9,6;0,20;9,5;0,19;9,6;0,09;9,6;0,09;
01.12.2022 10:44:44;9,6;0,18;9,6;0,22;9,5;0,19;9,6;0,03;9,6;0,15;
01.12.2022 10:44:45;9,6;0,14;9,6;0,19;9,5;0,10;9,6;0,00;9,6;0,07;
01.12.2022 10:44:46;9,6;0,07;9,6;0,09;9,5;0,06;9,6;---;9,6;0,06;
01.12.2022 10:44:47;9,6;0,05;9,6;0,07;9,5;0,06;9,6;0,00;9,6;---;
01.12.2022 10:44:48;9,6;0,17;9,6;0,12;9,5;0,26;---;0,01;9,6;0,06;
01.12.2022 10:44:49;9,6;0,20;9,6;0,32;9,5;0,12;9,6;0,13;9,6;0,23;
01.12.2022 10:44:50;9,6;0,28;9,6;0,18;9,5;0,13;9,6;0,06;9,6;0,10;
01.12.2022 10:44:51;9,6;0,23;9,6;0,12;9,5;0,07;9,6;0,07;9,6;---;
01.12.2022 10:44:52;9,6;0,17;9,6;0,07;9,6;0,04;9,6;0,02;9,6;0,10;
01.12.2022 10:44:53;9,6;0,09;9,6;0,13;9,6;0,04;---;0,00;9,6;---;
01.12.2022 10:44:54;9,6;0,14;9,6;0,10;9,6;0,19;9,6;0,00;9,6;0,11;
01.12.2022 10:44:55;9,6;0,21;9,6;0,29;9,6;0,19;9,7;0,05;9,6;0,19;
01.12.2022 10:44:56;9,6;0,25;9,6;0,28;9,5;0,30;9,7;---;9,6;0,25;
01.12.2022 10:44:57;9,6;0,13;9,6;0,31;9,5;0,14;9,7;0,02;9,6;---;
01.12.2022 10:44:58;9,6;0,06;9,6;0,20;9,5;0,05;9,7;0,03;9,6;0,06;
01.12.2022 10:44:59;9,6;0,02;9,6;0,07;9,6;0,03;9,7;---;9,6;---;
01.12.2022 10:45:00;9,6;0,02;9,6;0,02;9,6;0,07;9,7;0,04;9,6;0,00;
01.12.2022 10:45:01;9,6;0,03;9,6;0,02;9,6;0,07;---;---;9,6;0,00;
01.12.2022 10:45:02;9,6;0,01;9,6;0,04;9,6;0,08;9,7;0,02;9,6;0,03;
01.12.2022 10:45:03;9,6;0,00;9,6;0,06;9,6;0,03;9,7;0,00;9,7;0,04;
01.12.2022 10:45:04;9,6;0,00;9,6;0,05;9,6;0,00;9,7;---;---;---;
01.12.2022 10:45:05;9,6;0,00;9,7;0,04;9,6;0,00;9,7;0,00;9,7;0,00;
01.12.2022 10:45:06;9,6;0,02;9,7;0,01;9,6;0,01;9,7;0,03;9,7;0,00;
01.12.2022 10:45:07;9,6;0,03;9,7;0,03;9,6;0,02;---;0,03;9,7;---;
01.12.2022 10:45:08;9,6;0,01;9,7;0,04;9,6;0,02;9,7;0,01;9,7;0,01;
01.12.2022 10:45:09;9,6;0,00;9,7;0,06;9,6;0,02;9,7;0,01;9,7;0,01;
01.12.2022 10:45:10;9,6;0,01;9,7;0,05;9,6;0,03;9,7;0,02;9,7;0,01;
01.12.2022 10:45:11;9,6;0,01;9,7;0,04;9,6;0,02;9,7;0,03;---;---;
01.12.2022 10:45:12;9,6;0,02;9,7;0,04;9,6;0,03;9,7;0,08;9,7;0,00;
01.12.2022 10:45:13;9,6;0,05;9,7;0,05;9,6;0,05;9,7;---;9,7;0,00;
01.12.2022 10:45:14;9,6;0,08;9,7;0,04;9,6;0,10;---;0,08;9,7;---;
01.12.2022 10:45:15;9,6;0,10;9,7;0,07;9,6;0,08;9,7;0,07;9,7;0,04;
01.12.2022 10:45:16;9,6;0,11;9,7;0,06;9,6;0,08;9,7;0,11;9,7;0,07;
01.12.2022 10:45:17;9,6;0,13;9,7;0,06;9,6;0,12;9,7;0,12;9,7;0,09;
01.12.2022 10:45:18;9,6;0,14;9,7;0,06;9,6;0,12;9,7;---;9,7;---;
01.12.2022 10:45:19;9,6;0,18;9,7;0,08;9,6;0,15;9,7;0,14;9,7;0,12;
01.12.2022 10:45:20;9,6;0,19;9,7;0,09;9,6;0,18;9,7;0,16;9,7;---;
01.12.2022 10:45:21;9,6;0,18;9,7;0,11;9,6;0,18;9,7;0,13;---;0,12;
01.12.2022 10:45:22;9,6;0,20;9,7;0,10;9,6;0,16;9,7;0,16;9,7;0,11;
01.12.2022 10:45:23;9,6;0,22;9,7;0,11;9,6;0,15;9,7;0,19;9,7;0,13;
01.12.2022 10:45:24;9,6;0,21;9,7;0,10;9,6;0,20;9,7;---;9,7;---;
01.12.2022 10:45:25;9,6;0,24;9,7;0,08;9,6;0,20;9,7;0,20;9,7;0,10;
01.12.2022 10:45:26;9,6;0,20;9,7;0,09;9,6;0,18;9,7;0,20;9,7;0,11;
01.12.2022 10:45:27;9,6;0,19;9,7;0,09;9,6;0,15;9,7;0,17;9,7;0,09;
01.12.2022 10:45:28;9,6;0,18;9,7;0,08;9,6;0,13;---;0,13;9,7;---;
01.12.2022 10:45:29;9,6;0,16;9,7;0,09;9,6;0,11;9,7;0,10;9,7;0,09;
01.12.2022 10:45:30;9,6;0,15;9,7;0,07;9,6;0,08;9,7;0,11;9,7;0,07;
01.12.2022 10:45:31;9,6;0,14;9,7;0,05;9,6;0,08;9,7;0,12;9,7;0,06;
01.12.2022 10:45:32;9,6;0,18;9,7;0,07;9,6;0,13;9,7;0,15;---;---;
01.12.2022 10:45:33;9,6;0,24;9,7;0,10;9,6;0,22;9,6;0,19;9,6;0,17;
01.12.2022 10:45:34;9,6;0,26;9,7;0,16;9,5;0,26;9,6;0,21;---;---;
01.12.2022 10:45:35;9,6;0,27;9,6;0,19;9,5;0,28;---;0,21;9,6;0,20;
01.12.2022 10:45:36;9,6;0,29;9,6;0,22;9,5;0,29;9,6;0,23;9,6;0,24;
01.12.2022 10:45:37;9,5;0,29;9,6;0,24;9,5;0,28;9,6;0,23;9,6;---;
01.12.2022 10:45:38;9,5;0,27;9,6;0,25;9,5;0,26;---;0,22;9,6;0,23;
01.12.2022 10:45:39;9,5;0,27;9,6;0,23;9,5;0,24;9,6;0,21;9,6;0,24;
01.12.2022 10:45:40;9,5;0,23;9,6;0,22;9,5;0,21;9,6;0,20;---;---;
01.12.2022 10:45:41;9,6;0,23;9,6;0,23;9,5;0,22;9,6;0,20;9,6;0,23;
01.12.2022 10:45:42;9,6;0,23;9,6;0,25;9,5;0,27;9,6;0,18;9,6;0,22;
01.12.2022 10:45:43;9,6;0,24;9,6;0,23;9,5;0,24;9,6;0,16;9,6;---;
01.12.2022 10:45:44;9,5;0,24;9,6;0,19;9,5;0,26;9,6;0,14;9,6;0,17;
01.12.2022 10:45:45;9,5;0,26;9,6;0,16;9,5;0,19;9,6;0,18;9,6;---;
01.12.2022 10:45:46;9,5;0,23;9,6;0,08;9,5;0,20;9,6;0,19;9,6;0,11;
01.12.2022 10:45:47;9,6;0,21;9,6;0,05;9,5;0,14;9,6;0,18;9,6;0,10;
01.12.2022 10:45:48;9,6;0,16;9,6;0,03;9,5;0,12;9,6;0,14;9,6;---;
01.12.2022 10:45:49;9,6;0,11;9,6;0,06;9,5;0,07;---;0,07;9,6;0,06;
01.12.2022 10:45:50;9,6;0,07;9,6;0,04;9,5;0,05;9,6;0,08;9,6;0,04;
01.12.2022 10:45:51;9,6;0,08;9,6;0,03;9,5;0,04;9,7;0,06;9,6;0,04;
01.12.2022 10:45:52;9,6;0,02;9,6;0,01;9,5;0,03;9,7;0,05;9,6;---;
01.12.2022 10:45:53;9,6;0,01;9,6;0,00;9,6;0,01;9,7;0,00;9,6;0,00;
01.12.2022 10:45:54;9,6;0,01;9,6;0,00;9,6;0,00;---;0,00;9,6;---;
01.12.2022 10:45:55;9,6;0,02;9,6;0,01;9,6;0,01;9,7;0,00;9,7;0,02;
01.12.2022 10:45:56;9,6;0,07;9,7;0,02;9,6;0,02;9,7;0,05;9,7;---;
01.12.2022 10:45:57;9,6;0,06;9,7;0,04;9,6;0,04;9,7;0,05;9,7;0,03;
01.12.2022 10:45:58;9,6;0,03;9,7;0,02;9,6;0,01;9,7;0,03;9,7;0,00;
01.12.2022 10:45:59;9,6;0,02;9,7;0,01;9,6;0,00;9,7;0,00;9,7;0,00;
01.12.2022 10:46:00;9,6;0,00;9,7;0,01;9,6;0,00;---;0,00;9,7;0,00;
01.12.2022 10:46:01;9,6;0,00;9,7;0,00;9,6;0,00;9,7;0,00;9,7;0,00;
01.12.2022 10:46:02;9,6;0,00;9,7;0,00;9,6;0,00;---;0,00;9,7;0,00;
01.12.2022 10:46:03;9,6;0,04;9,7;0,00;9,6;0,03;9,7;0,01;9,7;0,00;
01.12.2022 10:46:04;9,7;0,00;9,7;0,02;9,6;0,01;---;0,06;9,7;0,00;
01.12.2022 10:46:05;9,7;0,00;9,7;0,00;9,6;0,00;9,7;0,00;9,7;---;
01.12.2022 10:46:06;9,7;0,00;9,7;0,00;9,6;0,00;9,7;0,00;9,7;0,00;
01.12.2022 10:46:07;9,7;0,00;9,7;0,00;9,6;0,00;9,7;0,00;9,7;0,00;
01.12.2022 10:46:08;9,7;0,00;9,7;0,00;9,6;0,00;---;0,00;9,7;---;
01.12.2022 10:46:09;9,7;0,01;9,7;0,00;9,6;0,00;9,7;0,00;---;0,00;
01.12.2022 10:46:10;9,7;0,00;9,7;0,00;9,6;0,00;9,7;0,00;9,7;0,00;
01.12.2022 10:46:11;9,7;0,00;9,7;0,00;9,6;0,00;9,7;0,00;9,7;0,00;
01.12.2022 10:46:12;9,7;0,00;9,7;0,00;9,6;0,00;---;0,00;9,7;0,00;
01.12.2022 10:46:13;9,7;0,00;9,7;0,00;9,6;0,00;9,7;0,00;9,7;0,00;
01.12.2022 10:46:14;9,7;0,00;9,7;0,00;9,6;0,00;9,7;0,00;9,7;0,00;
01.12.2022 10:46:15;9,7;0,00;9,7;0,00;9,6;0,00;9,7;0,00;9,7;0,00;
01.12.2022 10:46:16;9,7;0,00;9,7;0,00;9,6;0,00;---;0,00;9,7;---;
01.12.2022 10:46:17;9,7;0,00;9,7;0,00;9,6;0,00;9,7;0,00;9,7;0,00;
01.12.2022 10:46:18;9,7;0,00;9,7;0,00;9,6;0,00;9,7;0,00;9,7;---;
01.12.2022 10:46:19;9,7;0,00;9,7;0,00;9,6;0,00;---;0,00;9,7;0,00;
01.12.2022 10:46:20;9,7;0,00;9,7;0,00;9,6;0,00;9,7;0,00;9,7;---;
01.12.2022 10:46:21;9,7;0,00;9,7;0,00;9,6;0,00;---;0,00;9,7;0,00;
01.12.2022 10:46:22;9,7;0,00;9,7;0,00;9,6;0,00;9,7;0,00;9,7;0,00;
01.12.2022 10:46:23;9,7;0,00;9,7;0,00;9,6;0,00;9,7;0,00;9,7;0,00;
01.12.2022 10:46:24;9,7;0,00;9,7;0,00;9,6;0,00;9,7;0,00;9,7;0,00;
01.12.2022 10:46:25;9,7;0,00;9,7;0,00;9,6;0,00;9,7;0,00;9,7;0,00;
01.12.2022 10:46:26;9,7;0,00;9,7;0,00;9,6;0,00;9,7;0,00;9,7;0,00;
01.12.2022 10:46:27;9,7;0,00;9,7;0,00;9,6;0,00;9,7;0,00;9,7;0,00;
01.12.2022 10:46:28;9,7;0,00;9,7;0,00;9,6;0,01;---;0,00;9,7;0,00;
01.12.2022 10:46:29;9,7;0,00;9,7;0,00;9,6;0,00;9,7;0,03;9,7;---;
01.12.2022 10:46:30;9,7;0,01;9,7;0,00;9,6;0,00;---;0,00;---;0,00;
01.12.2022 10:46:31;9,7;0,01;9,7;0,00;9,6;0,00;9,7;0,00;9,7;0,00;
01.12.2022 10:46:32;9,7;0,00;9,7;0,00;9,6;0,01;---;0,00;9,7;0,00;
01.12.2022 10:46:33;9,7;0,00;9,7;0,00;9,6;0,00;9,8;0,00;9,7;0,00;
01.12.2022 10:46:34;9,7;0,00;9,7;0,00;9,6;0,00;9,8;0,00;9,8;---;
01.12.2022 10:46:35;9,7;0,00;9,7;0,00;9,6;0,00;---;0,00;9,8;0,00;
01.12.2022 10:46:36;9,7;0,00;9,7;0,00;9,7;0,00;9,8;0,00;---;0,00;
01.12.2022 10:46:37;9,7;0,00;9,7;0,00;9,7;0,00;---;0,00;9,8;0,00;
01.12.2022 10:46:38;9,7;0,03;9,7;0,01;9,6;0,03;9,8;0,03;9,7;0,02;
01.12.2022 10:46:39;9,7;0,09;9,7;0,06;9,6;0,08;9,8;0,06;9,7;0,05;
01.12.2022 10:46:40;9,7;0,11;9,7;0,02;9,6;0,13;9,8;0,07;9,8;0,06;
01.12.2022 10:46:41;9,7;0,11;9,7;0,03;9,6;0,15;---;0,03;9,8;0,00;
01.12.2022 10:46:42;9,7;0,15;9,7;0,10;9,6;0,09;9,8;0,09;---;0,08;
01.12.2022 10:46:43;9,7;0,09;9,7;0,11;9,6;0,12;---;0,06;9,7;0,08;
01.12.2022 10:46:44;9,7;0,12;9,7;0,24;9,6;0,11;9,8;0,06;9,7;0,19;
01.12.2022 10:46:45;9,7;0,18;9,6;0,30;9,6;0,22;9,8;0,11;---;---;
01.12.2022 10:46:46;9,7;0,19;9,6;0,36;9,6;0,29;9,7;0,15;9,6;0,30;
01.12.2022 10:46:47;9,7;0,22;9,5;0,39;9,6;0,29;9,7;0,16;9,6;---;
01.12.2022 10:46:48;9,7;0,21;9,5;0,41;9,6;0,32;---;0,10;9,6;0,28;
01.12.2022 10:46:49;9,6;0,29;9,5;0,29;9,5;0,32;9,7;0,18;---;---;
01.12.2022 10:46:50;9,6;0,35;9,5;0,32;9,5;0,35;9,7;0,25;9,5;0,31;
01.12.2022 10:46:51;9,6;0,37;9,5;0,33;9,5;0,35;9,7;0,25;9,5;---;
01.12.2022 10:46:52;9,5;0,38;9,5;0,32;9,4;0,35;9,6;0,29;---;0,31;
01.12.2022 10:46:53;9,5;0,25;9,5;0,37;9,5;0,28;9,6;0,24;9,5;0,31;
01.12.2022 10:46:54;9,6;0,15;9,5;0,30;9,5;0,19;9,6;0,18;9,5;---;
01.12.2022 10:46:55;9,6;0,16;9,4;0,33;9,5;0,25;9,7;0,13;9,5;0,28;
01.12.2022 10:46:56;9,6;0,18;9,4;0,39;9,5;0,29;9,7;0,05;---;0,37;
01.12.2022 10:46:57;9,6;0,21;9,4;0,41;9,5;0,25;9,7;0,06;9,5;0,35;
01.12.2022 10:46:58;9,6;0,18;9,4;0,40;9,5;0,27;---;0,07;---;0,32;
01.12.2022 10:46:59;9,6;0,16;9,4;0,37;9,5;0,20;9,7;0,03;9,5;0,30;
01.12.2022 10:47:00;9,6;0,23;9,4;0,33;9,5;0,26;9,7;0,14;9,5;0,25;
01.12.2022 10:47:01;9,6;0,22;9,5;0,27;9,5;0,23;9,7;0,17;9,5;0,22;
01.12.2022 10:47:02;9,6;0,18;9,5;0,22;9,5;0,16;9,7;0,16;---;---;
01.12.2022 10:47:03;9,6;0,18;9,5;0,22;9,5;0,15;9,7;0,12;9,6;0,17;
01.12.2022 10:47:04;9,6;0,21;9,5;0,19;9,5;0,17;---;0,15;---;0,16;
01.12.2022 10:47:05;9,6;0,28;9,5;0,23;9,5;0,27;9,7;0,17;9,5;0,19;
01.12.2022 10:47:06;9,5;0,31;9,4;0,30;9,4;0,29;9,6;0,24;9,5;0,28;
01.12.2022 10:47:07;9,5;0,37;9,4;0,33;9,4;0,39;9,5;0,28;9,4;0,30;
01.12.2022 10:47:08;9,4;0,49;9,4;0,44;9,3;0,50;---;0,35;9,4;0,40;
01.12.2022 10:47:09;9,4;0,44;9,3;0,42;9,3;0,38;9,5;0,40;9,4;0,42;
01.12.2022 10:47:10;9,4;0,39;9,3;0,35;9,3;0,34;9,5;0,35;9,4;0,36;
01.12.2022 10:47:11;9,4;0,37;9,3;0,31;9,3;0,34;---;0,31;---;0,32;
01.12.2022 10:47:12;9,4;0,43;9,3;0,39;9,3;0,41;9,5;0,33;9,3;0,36;
01.12.2022 10:47:13;9,3;0,45;9,3;0,40;9,3;0,40;9,4;0,37;9,3;0,36;
01.12.2022 10:47:14;9,3;0,42;9,3;0,38;9,3;0,39;9,4;0,34;9,3;0,36;
01.12.2022 10:47:15;9,3;0,43;9,3;0,40;9,3;0,43;9,4;0,35;9,3;---;
01.12.2022 10:47:16;9,3;0,41;9,3;0,42;9,2;0,40;9,4;0,37;---;0,39;
01.12.2022 10:47:17;9,3;0,40;9,3;0,44;9,2;0,41;9,4;0,34;9,3;0,40;
01.12.2022 10:47:18;9,3;0,48;9,2;0,50;9,2;0,48;9,4;0,36;9,3;0,43;
01.12.2022 10:47:19;9,3;0,50;9,2;0,51;9,2;0,52;9,4;0,41;9,3;0,46;
01.12.2022 10:47:20;9,3;0,55;9,2;0,50;9,2;0,57;9,4;0,40;9,2;0,48;
01.12.2022 10:47:21;9,3;0,58;9,2;0,57;9,2;0,60;9,4;0,46;9,2;0,51;
01.12.2022 10:47:22;9,2;0,57;9,2;0,58;9,1;0,58;9,3;0,43;9,2;0,53;
01.12.2022 10:47:23;9,2;0,56;9,2;0,54;9,1;0,57;9,3;0,45;9,2;0,47;
01.12.2022 10:47:24;9,2;0,51;9,2;0,55;9,1;0,56;9,3;0,43;9,2;---;
01.12.2022 10:47:25;9,3;0,46;9,2;0,54;9,1;0,53;9,3;0,36;9,2;0,51;
01.12.2022 10:47:26;9,3;0,42;9,2;0,56;9,2;0,43;9,3;0,35;---;0,50;
01.12.2022 10:47:27;9,3;0,42;9,2;0,48;9,2;0,39;9,4;0,28;9,2;0,43;
01.12.2022 10:47:28;9,3;0,32;9,2;0,41;9,2;0,34;9,4;0,25;---;0,37;
01.12.2022 10:47:29;9,3;0,35;9,2;0,37;9,2;0,34;9,4;0,25;9,3;0,36;
01.12.2022 10:47:30;9,3;0,34;9,2;0,37;9,2;0,36;---;0,27;9,3;0,34;
01.12.2022 10:47:31;9,3;0,41;9,3;0,37;9,2;0,44;9,4;0,32;9,3;0,35;
01.12.2022 10:47:32;9,3;0,43;9,2;0,43;9,2;0,46;9,4;0,35;9,3;0,39;
01.12.2022 10:47:33;9,3;0,52;9,2;0,44;9,2;0,52;9,4;0,40;9,2;0,41;
01.12.2022 10:47:34;9,3;0,53;9,2;0,47;9,2;0,50;9,3;0,45;9,2;0,41;
01.12.2022 10:47:35;9,2;0,55;9,2;0,49;9,2;0,55;9,3;0,42;9,2;0,43;
01.12.2022 10:47:36;9,2;0,60;9,2;0,54;9,1;0,61;9,3;0,47;9,2;0,49;
01.12.2022 10:47:37;9,2;0,61;9,2;0,52;9,1;0,58;9,3;0,49;9,2;0,47;
01.12.2022 10:47:38;9,2;0,64;9,2;0,50;9,1;0,62;9,3;0,55;9,2;---;
01.12.2022 10:47:39;9,2;0,59;9,2;0,48;9,1;0,57;9,3;0,50;9,2;0,50;
01.12.2022 10:47:40;9,2;0,55;9,2;0,56;9,1;0,62;9,3;0,44;9,1;0,51;
01.12.2022 10:47:41;9,1;0,73;9,1;0,68;9,0;0,80;9,3;0,51;9,1;0,63;
01.12.2022 10:47:42;9,1;0,77;9,1;0,76;9,0;0,79;9,2;0,60;9,1;0,69;
01.12.2022 10:47:43;9,1;0,62;9,1;0,76;9,0;0,70;9,2;0,51;9,1;0,70;
01.12.2022 10:47:44;9,1;0,62;9,1;0,58;9,0;0,64;9,2;0,44;---;0,61;
01.12.2022 10:47:45;9,1;0,62;9,1;0,61;9,0;0,65;9,2;0,51;9,0;0,57;
01.12.2022 10:47:46;9,1;0,69;9,0;0,74;9,0;0,75;9,2;0,47;9,0;0,65;
01.12.2022 10:47:47;9,1;0,68;9,0;0,73;9,0;0,69;9,2;0,49;9,0;0,68;
01.12.2022 10:47:48;9,1;0,60;9,0;0,74;9,0;0,63;9,2;0,49;9,0;0,60;
01.12.2022 10:47:49;9,1;0,66;9,0;0,71;8,9;0,73;9,2;0,50;9,0;0,59;
01.12.2022 10:47:50;9,0;0,78;9,0;0,81;8,9;0,80;9,1;0,55;---;0,72;
01.12.2022 10:47:51;9,0;0,87;9,0;0,77;8,9;0,87;9,1;0,63;8,9;0,70;
01.12.2022 10:47:52;9,0;0,91;8,9;0,85;8,9;0,92;9,1;0,71;8,9;0,76;
01.12.2022 10:47:53;9,0;0,87;8,9;0,84;8,9;0,87;9,0;0,70;8,9;0,77;
01.12.2022 10:47:54;8,9;0,87;8,9;0,86;8,9;0,89;9,0;0,70;8,9;0,74;
01.12.2022 10:47:55;9,0;0,77;8,9;0,77;8,9;0,83;9,0;0,64;8,9;0,75;
01.12.2022 10:47:56;9,0;0,75;8,9;0,74;8,9;0,78;9,0;0,60;8,9;0,72;
01.12.2022 10:47:57;9,0;0,68;8,9;0,70;8,9;0,70;9,0;0,54;8,9;0,65;
01.12.2022 10:47:58;9,0;0,67;8,9;0,74;8,9;0,73;9,0;0,57;8,9;0,62;
01.12.2022 10:47:59;9,0;0,66;8,9;0,76;8,9;0,69;9,1;0,54;8,9;0,64;
01.12.2022 10:48:00;9,0;0,63;8,9;0,77;8,9;0,69;9,1;0,51;8,9;0,65;
01.12.2022 10:48:01;9,0;0,75;8,9;0,73;8,8;0,79;9,1;0,55;8,9;0,69;
01.12.2022 10:48:02;8,9;0,86;8,9;0,76;8,8;0,84;9,0;0,64;8,9;0,69;
01.12.2022 10:48:03;8,9;1,02;8,9;0,87;8,8;1,02;9,0;0,77;8,8;0,74;
01.12.2022 10:48:04;8,8;1,14;8,8;1,06;8,7;1,17;8,9;0,94;8,8;0,92;
01.12.2022 10:48:05;8,8;1,10;8,8;1,06;8,7;1,12;8,9;0,93;---;1,00;
01.12.2022 10:48:06;8,8;1,11;8,8;1,07;8,7;1,14;8,9;0,88;8,7;0,98;
01.12.2022 10:48:07;8,8;1,06;8,7;1,05;8,7;1,06;8,8;0,90;8,7;1,00;
01.12.2022 10:48:08;8,7;1,02;8,7;0,96;8,7;1,03;8,8;0,83;8,7;0,90;
01.12.2022 10:48:09;8,7;1,00;8,7;0,96;8,7;1,01;8,8;0,82;8,7;0,89;
01.12.2022 10:48:10;8,7;1,02;8,7;0,98;8,6;1,05;8,8;0,81;8,7;0,91;
01.12.2022 10:48:11;8,7;1,05;8,7;0,99;8,6;1,08;8,8;0,84;8,7;0,93;
01.12.2022 10:48:12;8,7;0,94;8,7;0,88;8,6;0,89;8,8;0,81;8,7;0,89;
01.12.2022 10:48:13;8,7;0,90;8,7;0,82;8,7;0,86;8,8;0,68;---;0,76;
01.12.2022 10:48:14;8,7;0,84;8,7;0,77;8,7;0,81;8,8;0,68;8,7;0,73;
01.12.2022 10:48:15;8,7;0,83;8,8;0,76;8,7;0,88;8,8;0,64;8,7;0,68;
01.12.2022 10:48:16;8,7;0,87;8,7;0,87;8,7;0,87;8,8;0,67;8,7;0,75;
01.12.2022 10:48:17;8,7;0,83;8,7;0,82;8,7;0,85;8,8;0,62;8,7;0,75;
01.12.2022 10:48:18;8,7;0,85;8,7;0,79;8,7;0,86;8,8;0,65;8,7;0,72;
01.12.2022 10:48:19;8,7;0,89;8,7;0,87;8,6;0,91;8,8;0,65;---;0,76;
01.12.2022 10:48:20;8,7;0,75;8,7;0,83;8,7;0,80;8,8;0,65;8,7;0,78;
01.12.2022 10:48:21;8,8;0,69;8,7;0,74;8,7;0,69;8,8;0,55;8,7;0,69;
01.12.2022 10:48:22;8,8;0,56;8,7;0,74;8,7;0,67;8,9;0,41;8,7;0,65;
01.12.2022 10:48:23;8,8;0,48;8,7;0,72;8,7;0,55;8,9;0,38;8,7;0,66;
01.12.2022 10:48:24;8,8;0,62;8,7;0,68;8,7;0,63;8,9;0,44;8,7;0,55;
01.12.2022 10:48:25;8,8;0,62;8,7;0,74;8,7;0,62;8,9;0,50;8,7;0,60;
01.12.2022 10:48:26;8,8;0,64;8,7;0,62;8,7;0,68;8,9;0,48;8,7;0,56;
01.12.2022 10:48:27;8,8;0,80;8,7;0,71;8,7;0,79;8,9;0,59;8,7;0,68;
01.12.2022 10:48:28;8,8;0,85;8,7;0,76;8,7;0,85;8,8;0,65;8,7;0,71;
01.12.2022 10:48:29;8,7;0,82;8,7;0,78;8,6;0,84;8,8;0,64;8,7;0,74;
01.12.2022 10:48:30;8,7;0,78;8,7;0,79;8,6;0,79;8,8;0,63;8,7;0,74;
01.12.2022 10:48:31;8,7;0,73;8,7;0,73;8,6;0,74;8,8;0,57;8,7;0,70;
01.12.2022 10:48:32;8,7;0,79;8,7;0,70;8,6;0,76;8,8;0,59;8,7;0,66;
01.12.2022 10:48:33;8,7;0,79;8,7;0,67;8,6;0,76;8,8;0,61;8,7;0,65;
01.12.2022 10:48:34;8,7;0,75;8,7;0,67;8,6;0,75;8,8;0,58;8,7;0,66;
01.12.2022 10:48:35;8,7;0,72;8,7;0,68;8,6;0,75;8,8;0,53;8,7;0,64;
01.12.2022 10:48:36;8,7;0,69;8,7;0,65;8,6;0,67;8,8;0,54;---;0,65;
01.12.2022 10:48:37;8,7;0,65;8,7;0,69;8,6;0,69;8,8;0,50;8,7;0,64;
01.12.2022 10:48:38;8,7;0,66;8,7;0,57;8,6;0,62;8,8;0,53;8,7;0,59;
01.12.2022 10:48:39;8,7;0,69;8,7;0,58;8,6;0,65;8,8;0,53;8,7;0,54;
01.12.2022 10:48:40;8,7;0,67;8,7;0,62;8,6;0,64;8,8;0,56;---;0,59;
01.12.2022 10:48:41;8,7;0,62;8,7;0,58;8,6;0,60;8,8;0,49;8,7;0,56;
01.12.2022 10:48:42;8,7;0,59;8,7;0,53;8,6;0,57;8,8;0,46;8,7;0,53;
01.12.2022 10:48:43;8,7;0,62;8,7;0,51;8,6;0,53;8,8;0,50;8,7;0,51;
01.12.2022 10:48:44;8,7;0,64;8,7;0,49;8,6;0,60;8,8;0,50;---;0,47;
01.12.2022 10:48:45;8,7;0,61;8,8;0,42;8,7;0,44;8,8;0,49;8,7;0,46;
01.12.2022 10:48:46;8,7;0,50;8,8;0,44;8,7;0,49;8,8;0,43;8,8;0,41;
01.12.2022 10:48:47;8,8;0,49;8,8;0,54;8,7;0,52;8,8;0,40;8,8;0,46;
01.12.2022 10:48:48;8,8;0,52;8,8;0,50;8,7;0,54;8,8;0,40;8,8;0,44;
01.12.2022 10:48:49;8,8;0,43;8,8;0,45;8,7;0,43;8,9;0,39;8,8;0,42;
01.12.2022 10:48:50;8,8;0,51;8,8;0,52;8,7;0,53;8,9;0,39;---;0,40;
01.12.2022 10:48:51;8,8;0,53;8,8;0,45;8,7;0,47;8,9;0,43;8,8;0,44;
01.12.2022 10:48:52;8,8;0,63;8,8;0,55;8,7;0,61;8,8;0,48;8,7;0,47;
01.12.2022 10:48:53;8,7;0,65;8,7;0,67;8,7;0,65;8,8;0,51;---;0,60;
01.12.2022 10:48:54;8,7;0,63;8,7;0,70;8,7;0,68;8,8;0,45;8,7;0,58;
01.12.2022 10:48:55;8,7;0,61;8,7;0,62;8,6;0,62;8,8;0,45;8,7;0,61;
01.12.2022 10:48:56;8,7;0,57;8,7;0,58;8,6;0,57;8,8;0,42;8,7;0,55;
01.12.2022 10:48:57;8,7;0,60;8,7;0,60;8,6;0,59;8,8;0,46;8,7;0,56;
01.12.2022 10:48:58;8,7;0,55;8,7;0,57;8,6;0,58;8,8;0,45;---;0,54;
01.12.2022 10:48:59;8,7;0,58;8,7;0,55;8,6;0,56;8,8;0,47;8,7;0,53;
01.12.2022 10:49:00;8,7;0,59;8,7;0,58;8,6;0,56;8,8;0,46;---;0,54;
01.12.2022 10:49:01;8,7;0,60;8,7;0,55;8,6;0,55;8,8;0,49;8,7;0,53;
01.12.2022 10:49:02;8,7;0,57;8,7;0,56;8,6;0,58;8,8;0,47;8,7;0,53;
01.12.2022 10:49:03;8,7;0,60;8,7;0,58;8,6;0,57;8,8;0,47;8,7;0,56;
01.12.2022 10:49:04;8,7;0,58;8,7;0,59;8,6;0,58;8,8;0,45;8,7;0,55;
01.12.2022 10:49:05;8,7;0,58;8,7;0,66;8,6;0,59;8,8;0,44;8,7;0,57;
01.12.2022 10:49:06;8,7;0,60;8,7;0,66;8,6;0,62;8,8;0,46;8,7;0,58;
01.12.2022 10:49:07;8,7;0,63;8,7;0,62;8,6;0,67;8,8;0,50;8,7;0,59;
01.12.2022 10:49:08;8,8;0,75;8,7;0,66;8,7;0,68;8,8;0,58;---;0,59;
01.12.2022 10:49:09;8,8;0,68;8,7;0,60;8,7;0,69;8,8;0,64;8,7;0,55;
01.12.2022 10:49:10;8,8;0,68;8,7;0,64;8,7;0,70;8,8;0,48;8,7;0,60;
01.12.2022 10:49:11;8,7;0,70;8,7;0,69;8,6;0,68;8,8;0,54;8,7;0,59;
01.12.2022 10:49:12;8,7;0,82;8,7;0,86;8,6;0,83;8,8;0,68;8,7;0,69;
01.12.2022 10:49:13;8,7;0,88;8,7;0,88;8,6;0,91;8,8;0,60;8,7;0,77;
01.12.2022 10:49:14;8,7;0,82;8,7;0,93;8,6;0,83;8,8;0,63;8,7;0,81;
01.12.2022 10:49:15;8,7;0,89;8,7;0,87;8,6;0,91;8,8;0,67;---;0,75;
01.12.2022 10:49:16;8,7;0,80;8,7;0,85;8,6;0,84;8,8;0,66;8,7;0,79;
01.12.2022 10:49:17;8,7;0,72;8,7;0,80;8,7;0,73;8,8;0,62;8,7;0,73;
01.12.2022 10:49:18;8,8;0,62;8,7;0,83;8,7;0,68;8,8;0,58;8,7;0,63;
01.12.2022 10:49:19;8,8;0,72;8,7;0,90;8,6;0,81;8,8;0,59;8,7;0,72;
01.12.2022 10:49:20;8,7;0,73;8,7;0,74;8,6;0,83;8,8;0,60;8,7;0,77;
01.12.2022 10:49:21;8,8;0,59;8,7;0,67;8,6;0,72;8,8;0,49;---;0,62;
01.12.2022 10:49:22;8,8;0,74;8,7;0,90;8,6;0,92;8,8;0,50;8,7;0,70;
01.12.2022 10:49:23;8,7;0,97;8,6;1,13;8,6;1,17;8,8;0,59;8,6;1,01;
01.12.2022 10:49:24;8,7;1,15;8,6;1,19;8,5;1,23;8,8;0,89;8,6;1,06;
01.12.2022 10:49:25;8,7;1,15;8,6;1,13;8,5;1,20;8,7;0,91;8,6;1,09;
01.12.2022 10:49:26;8,6;1,12;8,6;1,01;8,5;1,07;8,7;0,95;8,6;0,99;
01.12.2022 10:49:27;8,6;1,08;8,6;1,04;8,5;1,13;8,7;0,84;---;0,91;
01.12.2022 10:49:28;8,6;1,06;8,6;1,06;8,5;1,08;8,7;0,85;8,5;1,00;
01.12.2022 10:49:29;8,6;0,98;8,6;0,94;8,5;0,99;8,7;0,76;8,5;0,88;
01.12.2022 10:49:30;8,6;1,03;8,6;0,92;8,5;1,08;8,7;0,83;8,5;0,93;
01.12.2022 10:49:31;8,6;0,95;8,6;0,97;8,5;1,02;8,7;0,67;8,5;0,92;
01.12.2022 10:49:32;8,6;0,87;8,6;0,88;8,5;0,91;8,7;0,67;---;0,85;
01.12.2022 10:49:33;8,6;0,86;8,6;0,99;8,5;0,90;8,7;0,67;8,5;0,82;
01.12.2022 10:49:34;8,6;0,85;8,6;0,93;8,5;0,91;8,7;0,70;8,6;0,85;
01.12.2022 10:49:35;8,6;0,83;8,6;0,97;8,5;0,82;8,7;0,68;---;0,82;
01.12.2022 10:49:36;8,6;0,78;8,6;0,77;8,5;0,73;8,7;0,63;8,6;0,70;
01.12.2022 10:49:37;8,6;0,63;8,6;0,66;8,6;0,62;8,7;0,56;8,6;0,59;
01.12.2022 10:49:38;8,7;0,68;8,6;0,69;8,6;0,77;8,7;0,56;8,6;0,62;
01.12.2022 10:49:39;8,7;0,71;8,6;0,80;8,6;0,85;8,7;0,57;---;0,65;
01.12.2022 10:49:40;8,6;0,95;8,6;0,73;8,5;0,95;8,7;0,74;8,6;0,72;
01.12.2022 10:49:41;8,6;0,83;8,6;0,78;8,5;0,84;8,7;0,65;8,6;0,76;
01.12.2022 10:49:42;8,6;0,66;8,6;0,82;8,5;0,77;8,7;0,55;---;0,73;
01.12.2022 10:49:43;8,7;0,64;8,6;0,75;8,6;0,71;8,7;0,52;8,6;0,68;
01.12.2022 10:49:44;8,7;0,63;8,6;0,67;8,6;0,66;8,7;0,50;8,6;0,58;
01.12.2022 10:49:45;8,7;0,60;8,6;0,64;8,6;0,67;8,8;0,51;8,6;0,60;
01.12.2022 10:49:46;8,7;0,60;8,6;0,62;8,6;0,59;8,8;0,51;8,7;0,55;
01.12.2022 10:49:47;8,7;0,49;8,7;0,57;8,6;0,58;8,8;0,46;8,7;0,51;
01.12.2022 10:49:48;8,7;0,54;8,6;0,76;8,6;0,54;8,8;0,40;---;0,58;
01.12.2022 10:49:49;8,7;0,65;8,6;0,69;8,6;0,67;8,8;0,50;8,6;0,63;
01.12.2022 10:49:50;8,7;0,63;8,6;0,64;8,6;0,63;8,8;0,51;8,6;0,57;
01.12.2022 10:49:51;8,7;0,68;8,6;0,67;8,6;0,73;8,8;0,54;---;0,60;
01.12.2022 10:49:52;8,7;0,74;8,6;0,66;8,6;0,71;8,8;0,61;8,6;0,61;
01.12.2022 10:49:53;8,7;0,78;8,6;0,77;8,6;0,78;8,8;0,60;---;0,64;
01.12.2022 10:49:54;8,7;0,78;8,6;0,72;8,6;0,75;8,7;0,58;8,6;0,66;
01.12.2022 10:49:55;8,7;0,92;8,6;0,78;8,6;0,91;8,7;0,65;8,6;0,69;
01.12.2022 10:49:56;8,7;0,97;8,6;0,95;8,6;0,99;8,7;0,75;8,6;0,83;
01.12.2022 10:49:57;8,7;0,86;8,6;0,96;8,6;0,86;8,7;0,71;8,6;0,84;
01.12.2022 10:49:58;8,7;0,73;8,6;0,79;8,6;0,71;8,7;0,61;8,6;0,74;
01.12.2022 10:49:59;8,7;0,50;8,6;0,76;8,6;0,61;8,8;0,40;8,6;0,62;
01.12.2022 10:50:00;8,7;0,49;8,7;0,62;8,6;0,55;8,8;0,42;8,7;0,57;
01.12.2022 10:50:01;8,8;0,40;8,7;0,65;8,6;0,58;8,8;0,35;8,7;0,52;
01.12.2022 10:50:02;8,8;0,67;8,7;0,82;8,7;0,77;8,8;0,51;---;0,68;
01.12.2022 10:50:03;8,8;0,77;8,7;0,79;8,6;0,87;8,8;0,58;8,7;0,66;
01.12.2022 10:50:04;8,8;0,86;8,7;0,93;8,6;0,97;8,8;0,65;8,7;0,81;
01.12.2022 10:50:05;8,8;0,85;8,7;0,81;8,6;0,90;8,8;0,71;8,7;0,76;
01.12.2022 10:50:06;8,8;0,81;8,7;0,75;8,6;0,80;8,8;0,70;8,7;0,70;
01.12.2022 10:50:07;8,8;0,74;8,7;0,71;8,6;0,87;8,8;0,60;8,7;0,65;
01.12.2022 10:50:08;8,8;0,75;8,7;0,78;8,7;0,80;8,8;0,57;8,7;0,73;
01.12.2022 10:50:09;8,8;0,68;8,7;0,65;8,7;0,75;8,8;0,61;---;0,63;
01.12.2022 10:50:10;8,8;0,65;8,7;0,91;8,7;0,86;8,9;0,50;8,7;0,63;
01.12.2022 10:50:11;8,8;0,90;8,7;0,99;8,7;0,99;8,9;0,64;8,7;0,79;
01.12.2022 10:50:12;8,8;0,87;8,7;0,94;8,7;0,94;8,8;0,77;---;0,87;
01.12.2022 10:50:13;8,8;0,90;8,7;0,91;8,7;0,99;8,8;0,73;8,8;0,74;
01.12.2022 10:50:14;8,8;0,60;8,8;0,70;8,7;0,73;8,9;0,63;---;0,69;
01.12.2022 10:50:15;8,8;0,77;8,8;0,83;8,7;0,87;8,9;0,60;8,8;0,63;
01.12.2022 10:50:16;8,8;0,82;8,8;0,78;8,7;0,88;8,9;0,70;8,8;0,70;
01.12.2022 10:50:17;8,8;0,94;8,8;0,84;8,7;0,97;8,8;0,77;8,7;0,73;
01.12.2022 10:50:18;8,8;0,94;8,7;1,00;8,7;1,01;8,8;0,79;8,7;0,85;
01.12.2022 10:50:19;8,8;1,00;8,7;0,99;8,6;1,07;8,8;0,83;8,7;0,88;
01.12.2022 10:50:20;8,7;0,97;8,7;0,97;8,6;1,02;8,8;0,81;8,7;0,88;
01.12.2022 10:50:21;8,7;0,91;8,7;0,96;8,6;0,99;8,7;0,72;8,7;0,84;
01.12.2022 10:50:22;8,7;0,96;8,7;0,93;8,6;0,99;8,7;0,76;---;0,84;
01.12.2022 10:50:23;8,7;0,98;8,6;0,95;8,6;1,00;8,7;0,79;8,6;0,85;
01.12.2022 10:50:24;8,7;0,94;8,7;0,91;8,6;0,98;8,7;0,80;8,6;0,82;
01.12.2022 10:50:25;8,7;0,94;8,7;0,96;8,6;1,00;8,7;0,77;8,6;0,84;
01.12.2022 10:50:26;8,7;0,89;8,7;0,92;8,6;0,96;8,7;0,71;---;0,82;
01.12.2022 10:50:27;8,7;0,86;8,7;0,88;8,6;0,94;8,7;0,69;8,7;0,80;
01.12.2022 10:50:28;8,8;0,78;8,7;0,83;8,6;0,86;8,8;0,63;---;0,78;
01.12.2022 10:50:29;8,8;0,63;8,7;0,76;8,7;0,70;8,8;0,50;8,7;0,67;
01.12.2022 10:50:30;8,8;0,67;8,7;0,63;8,7;0,81;8,8;0,58;8,7;0,62;
01.12.2022 10:50:31;8,8;0,63;8,7;0,58;8,7;0,68;8,8;0,59;8,7;0,59;
01.12.2022 10:50:32;8,8;0,72;8,7;0,56;8,7;0,73;8,8;0,61;8,7;0,55;
01.12.2022 10:50:33;8,8;0,62;8,8;0,57;8,7;0,69;8,8;0,53;---;0,57;
01.12.2022 10:50:34;8,8;0,61;8,8;0,60;8,7;0,65;8,8;0,50;8,8;0,55;
01.12.2022 10:50:35;8,8;0,59;8,8;0,59;8,7;0,65;8,9;0,51;8,8;0,53;
01.12.2022 10:50:36;8,9;0,56;8,8;0,52;8,7;0,69;8,9;0,49;8,8;0,51;
01.12.2022 10:50:37;8,9;0,55;8,8;0,43;8,7;0,67;8,9;0,44;8,8;0,47;
01.12.2022 10:50:38;8,9;0,62;8,8;0,55;8,7;0,65;8,9;0,54;---;0,57;
01.12.2022 10:50:39;8,9;0,58;8,8;0,51;8,7;0,64;8,9;0,52;8,8;0,51;
01.12.2022 10:50:40;8,9;0,68;8,8;0,66;8,7;0,74;8,9;0,59;---;0,55;
01.12.2022 10:50:41;8,9;0,62;8,8;0,64;8,7;0,68;8,9;0,58;8,8;0,60;
01.12.2022 10:50:42;8,9;0,56;8,8;0,66;8,7;0,69;8,9;0,53;8,8;0,57;
01.12.2022 10:50:43;8,9;0,55;8,8;0,60;8,8;0,63;8,9;0,50;8,8;0,54;
01.12.2022 10:50:44;8,9;0,59;8,8;0,55;8,8;0,63;8,9;0,55;---;0,51;
01.12.2022 10:50:45;8,9;0,61;8,8;0,65;8,8;0,72;8,9;0,54;8,8;0,55;
01.12.2022 10:50:46;8,9;0,62;8,8;0,63;8,8;0,68;8,9;0,55;8,8;0,59;
01.12.2022 10:50:47;8,9;0,62;8,8;0,73;8,8;0,79;8,9;0,51;8,8;0,62;
01.12.2022 10:50:48;8,9;0,66;8,8;0,77;8,7;0,78;8,9;0,60;8,8;0,68;
01.12.2022 10:50:49;8,9;0,70;8,8;0,74;8,7;0,75;8,9;0,53;8,8;0,63;
01.12.2022 10:50:50;8,9;0,59;8,8;0,68;8,7;0,75;8,9;0,51;8,8;0,60;
01.12.2022 10:50:51;8,9;0,59;8,8;0,67;8,7;0,72;8,9;0,51;---;0,59;
01.12.2022 10:50:52;8,9;0,61;8,8;0,65;8,7;0,70;8,9;0,52;8,8;0,57;
01.12.2022 10:50:53;8,9;0,65;8,8;0,71;8,7;0,76;8,9;0,56;8,8;0,60;
01.12.2022 10:50:54;8,9;0,68;8,8;0,74;8,7;0,79;8,9;0,59;8,8;0,65;
01.12.2022 10:50:55;8,9;0,75;8,8;0,75;8,7;0,81;8,9;0,63;---;0,64;
01.12.2022 10:50:56;8,9;0,76;8,8;0,74;8,7;0,78;8,9;0,62;8,8;0,66;
01.12.2022 10:50:57;8,9;0,72;8,8;0,75;8,7;0,79;8,9;0,59;8,8;0,65;
01.12.2022 10:50:58;8,9;0,72;8,8;0,73;8,7;0,77;8,9;0,59;8,8;0,66;
01.12.2022 10:50:59;8,9;0,70;8,8;0,74;8,7;0,79;8,9;0,58;8,8;0,65;
01.12.2022 10:51:00;8,9;0,68;8,8;0,62;8,7;0,69;8,9;0,56;---;0,63;
01.12.2022 10:51:01;8,9;0,62;8,8;0,70;8,7;0,65;8,9;0,53;8,8;0,59;
01.12.2022 10:51:02;8,9;0,71;8,8;0,71;8,7;0,78;8,9;0,54;8,8;0,59;
01.12.2022 10:51:03;8,8;0,78;8,8;0,74;8,7;0,82;8,9;0,62;---;0,67;
01.12.2022 10:51:04;8,8;0,70;8,8;0,75;8,7;0,77;8,8;0,59;8,8;0,64;
01.12.2022 10:51:05;8,8;0,69;8,8;0,68;8,7;0,73;8,8;0,57;---;0,62;
01.12.2022 10:51:06;8,8;0,73;8,8;0,72;8,7;0,80;8,8;0,59;8,8;0,63;
01.12.2022 10:51:07;8,8;0,73;8,8;0,71;8,7;0,75;8,8;0,60;8,8;0,65;
01.12.2022 10:51:08;8,8;0,78;8,8;0,75;8,7;0,81;8,8;0,62;8,8;0,64;
01.12.2022 10:51:09;8,8;0,78;8,8;0,76;8,7;0,82;8,8;0,64;8,7;0,67;
01.12.2022 10:51:10;8,8;0,77;8,7;0,76;8,7;0,81;8,8;0,61;---;0,68;
01.12.2022 10:51:11;8,8;0,81;8,7;0,84;8,7;0,86;8,8;0,63;8,7;0,68;
01.12.2022 10:51:12;8,8;0,59;8,8;0,80;8,7;0,78;8,8;0,60;8,8;0,69;
01.12.2022 10:51:13;8,9;0,62;8,8;0,73;8,7;0,73;8,9;0,56;8,8;0,63;
01.12.2022 10:51:14;8,9;0,74;8,8;0,75;8,7;0,77;8,8;0,61;---;0,59;
01.12.2022 10:51:15;8,9;0,69;8,7;0,74;8,7;0,77;8,8;0,60;8,8;0,65;
01.12.2022 10:51:16;8,9;0,72;8,8;0,67;8,7;0,76;8,9;0,59;8,8;0,62;
01.12.2022 10:51:17;8,9;0,68;8,8;0,72;8,7;0,75;8,9;0,55;---;0,60;
01.12.2022 10:51:18;8,9;0,71;8,8;0,81;8,7;0,81;8,9;0,58;8,8;0,67;
01.12.2022 10:51:19;8,9;0,62;8,8;0,79;8,7;0,82;8,9;0,53;8,8;0,73;
01.12.2022 10:51:20;8,9;0,72;8,8;0,74;8,7;0,84;8,9;0,56;8,8;0,69;
01.12.2022 10:51:21;8,8;0,77;8,8;0,75;8,7;0,81;8,9;0,60;8,7;0,70;
01.12.2022 10:51:22;8,8;0,70;8,8;0,68;8,7;0,73;8,8;0,56;8,7;0,64;
01.12.2022 10:51:23;8,9;0,69;8,8;0,66;8,7;0,73;8,9;0,56;8,7;0,63;
01.12.2022 10:51:24;8,9;0,53;8,8;0,73;8,7;0,64;8,9;0,53;8,8;0,62;
01.12.2022 10:51:25;8,9;0,45;8,8;0,73;8,7;0,64;8,9;0,41;8,8;0,60;
01.12.2022 10:51:26;8,9;0,47;8,8;0,63;8,7;0,64;8,9;0,43;---;0,57;
01.12.2022 10:51:27;8,9;0,51;8,8;0,65;8,7;0,67;8,9;0,43;8,8;0,55;
01.12.2022 10:51:28;8,9;0,42;8,8;0,63;8,8;0,64;8,9;0,41;8,8;0,55;
01.12.2022 10:51:29;8,9;0,50;8,8;0,60;8,8;0,63;8,9;0,50;---;0,52;
01.12.2022 10:51:30;8,9;0,53;8,8;0,59;8,8;0,65;8,9;0,52;8,8;0,54;
01.12.2022 10:51:31;8,9;0,48;8,8;0,54;8,8;0,55;8,9;0,44;---;0,49;
01.12.2022 10:51:32;9,0;0,37;8,8;0,53;8,8;0,44;8,9;0,43;8,8;0,41;
01.12.2022 10:51:33;9,0;0,60;8,9;0,57;8,8;0,62;8,9;0,48;---;0,44;
01.12.2022 10:51:34;9,0;0,62;8,9;0,56;8,8;0,69;9,0;0,54;8,9;0,55;
01.12.2022 10:51:35;8,9;0,63;8,8;0,57;8,8;0,63;9,0;0,55;8,8;0,51;
01.12.2022 10:51:36;8,9;0,48;8,8;0,49;8,8;0,56;9,0;0,47;8,8;0,47;
01.12.2022 10:51:37;9,0;0,33;8,8;0,50;8,8;0,47;9,0;0,38;8,8;0,43;
01.12.2022 10:51:38;9,0;0,36;8,8;0,47;8,8;0,47;9,0;0,38;8,8;0,43;
01.12.2022 10:51:39;9,0;0,32;8,8;0,46;8,8;0,47;9,0;0,37;8,9;0,43;
01.12.2022 10:51:40;9,0;0,39;8,9;0,39;8,8;0,44;9,0;0,37;8,9;0,40;
01.12.2022 10:51:41;9,0;0,37;8,9;0,39;8,8;0,44;9,0;0,35;8,9;0,39;
01.12.2022 10:51:42;9,0;0,42;8,9;0,39;8,8;0,43;9,0;0,38;8,9;0,36;
01.12.2022 10:51:43;9,0;0,36;8,9;0,41;8,8;0,39;9,0;0,37;8,9;0,33;
01.12.2022 10:51:44;9,0;0,38;8,9;0,41;8,8;0,36;9,0;0,36;8,9;0,36;
01.12.2022 10:51:45;9,0;0,36;8,9;0,40;8,9;0,40;9,0;0,35;8,9;0,33;
01.12.2022 10:51:46;9,0;0,40;8,9;0,42;8,9;0,44;9,0;0,36;8,9;0,38;
01.12.2022 10:51:47;9,0;0,46;8,9;0,48;8,8;0,52;9,0;0,38;---;0,43;
01.12.2022 10:51:48;9,0;0,46;8,9;0,54;8,8;0,52;9,0;0,38;8,9;0,44;
01.12.2022 10:51:49;9,0;0,53;8,9;0,60;8,8;0,61;9,0;0,37;8,9;0,51;
01.12.2022 10:51:50;9,0;0,55;8,8;0,56;8,8;0,62;9,0;0,39;---;0,55;
01.12.2022 10:51:51;9,0;0,53;8,8;0,54;8,8;0,56;9,0;0,41;8,9;0,49;
01.12.2022 10:51:52;8,9;0,51;8,8;0,59;8,8;0,55;9,0;0,41;8,8;0,49;
01.12.2022 10:51:53;8,9;0,57;8,8;0,58;8,8;0,60;9,0;0,43;8,8;0,49;
01.12.2022 10:51:54;8,9;0,58;8,8;0,60;8,8;0,60;8,9;0,48;8,8;0,55;
01.12.2022 10:51:55;8,9;0,53;8,8;0,54;8,8;0,56;8,9;0,43;8,8;0,49;
01.12.2022 10:51:56;8,9;0,50;8,9;0,51;8,8;0,53;8,9;0,40;8,9;0,46;
01.12.2022 10:51:57;9,0;0,44;8,9;0,45;8,8;0,52;9,0;0,41;8,9;0,42;
01.12.2022 10:51:58;9,0;0,40;8,9;0,55;8,8;0,55;9,0;0,37;8,9;0,45;
01.12.2022 10:51:59;9,0;0,54;8,9;0,53;8,8;0,57;9,0;0,45;8,9;0,43;
01.12.2022 10:52:00;9,0;0,50;8,9;0,43;8,8;0,56;9,0;0,43;8,9;0,42;
01.12.2022 10:52:01;9,0;0,41;8,9;0,53;8,8;0,53;9,0;0,38;8,9;0,43;
01.12.2022 10:52:02;9,0;0,51;8,9;0,49;8,8;0,50;9,0;0,42;---;0,43;
01.12.2022 10:52:03;9,0;0,42;8,9;0,47;8,9;0,46;9,0;0,40;8,9;0,43;
01.12.2022 10:52:04;9,0;0,27;9,0;0,34;8,9;0,37;9,0;0,33;8,9;0,35;
01.12.2022 10:52:05;9,0;0,27;9,0;0,43;8,9;0,42;9,0;0,26;8,9;0,35;
01.12.2022 10:52:06;9,0;0,35;9,0;0,49;8,9;0,44;9,0;0,36;9,0;0,38;
01.12.2022 10:52:07;9,0;0,46;9,0;0,60;8,9;0,59;9,0;0,45;8,9;0,48;
01.12.2022 10:52:08;9,0;0,50;8,9;0,58;8,9;0,63;9,0;0,47;---;0,52;
01.12.2022 10:52:09;9,0;0,41;9,0;0,35;8,9;0,47;9,0;0,40;8,9;0,45;
01.12.2022 10:52:10;9,0;0,49;9,0;0,39;8,9;0,55;9,0;0,42;9,0;0,35;
01.12.2022 10:52:11;9,0;0,58;9,0;0,60;8,9;0,63;9,0;0,52;---;0,52;
01.12.2022 10:52:12;9,0;0,56;9,0;0,54;8,9;0,65;9,0;0,53;9,0;0,51;
01.12.2022 10:52:13;9,0;0,58;9,0;0,64;8,9;0,74;9,0;0,54;8,9;0,59;
01.12.2022 10:52:14;9,0;0,54;9,0;0,61;8,9;0,65;9,0;0,51;8,9;0,53;
01.12.2022 10:52:15;9,0;0,60;9,0;0,61;8,9;0,70;9,0;0,52;9,0;0,53;
01.12.2022 10:52:16;9,0;0,47;9,0;0,46;8,9;0,62;9,0;0,41;9,0;0,52;
01.12.2022 10:52:17;9,1;0,34;9,0;0,32;8,9;0,44;9,0;0,33;9,0;0,37;
01.12.2022 10:52:18;9,1;0,27;9,0;0,29;8,9;0,32;9,1;0,27;9,0;0,27;
01.12.2022 10:52:19;9,1;0,22;9,0;0,24;8,9;0,21;9,1;0,22;---;0,24;
01.12.2022 10:52:20;9,1;0,18;9,0;0,20;9,0;0,20;9,1;0,14;9,0;0,14;
01.12.2022 10:52:21;9,1;0,25;9,1;0,36;9,0;0,29;9,1;0,18;9,0;0,21;
01.12.2022 10:52:22;9,1;0,23;9,1;0,20;9,0;0,22;9,1;0,20;9,0;0,18;
01.12.2022 10:52:23;9,1;0,24;9,1;0,28;9,0;0,23;9,1;0,22;9,1;0,20;
01.12.2022 10:52:24;9,1;0,39;9,1;0,48;9,0;0,40;9,1;0,28;---;0,33;
01.12.2022 10:52:25;9,1;0,47;9,1;0,45;9,0;0,40;9,1;0,34;9,1;0,36;
01.12.2022 10:52:26;9,2;0,37;9,1;0,56;9,0;0,42;9,2;0,28;---;0,31;
01.12.2022 10:52:27;9,1;0,92;9,1;0,78;9,0;0,84;9,2;0,60;9,1;0,53;
01.12.2022 10:52:28;9,1;0,91;9,0;0,90;9,0;0,95;9,1;0,67;9,1;0,80;
01.12.2022 10:52:29;9,1;0,91;9,0;0,87;9,0;0,91;9,1;0,69;9,0;0,81;
01.12.2022 10:52:30;9,0;0,85;9,0;0,86;9,0;0,83;9,1;0,63;9,0;0,78;
01.12.2022 10:52:31;9,0;0,80;9,0;0,80;8,9;0,82;9,1;0,58;9,0;0,72;
01.12.2022 10:52:32;9,0;0,74;9,0;0,76;8,9;0,77;9,1;0,55;9,0;0,64;
01.12.2022 10:52:33;9,0;0,78;9,0;0,75;8,9;0,77;9,1;0,59;9,0;0,64;
01.12.2022 10:52:34;9,0;0,75;9,0;0,72;8,9;0,74;9,1;0,60;9,0;0,65;
01.12.2022 10:52:35;9,0;0,70;9,0;0,66;8,9;0,67;9,1;0,53;9,0;0,62;
01.12.2022 10:52:36;9,0;0,68;9,0;0,63;8,9;0,73;9,1;0,51;9,0;0,59;
01.12.2022 10:52:37;9,0;0,62;9,0;0,66;8,9;0,63;9,1;0,45;9,0;0,56;
01.12.2022 10:52:38;9,0;0,58;9,0;0,60;8,9;0,61;9,1;0,42;---;0,57;
01.12.2022 10:52:39;9,0;0,56;9,0;0,54;8,9;0,59;9,1;0,43;9,0;0,51;
01.12.2022 10:52:40;9,0;0,53;9,0;0,58;8,9;0,60;9,1;0,40;9,0;0,56;
01.12.2022 10:52:41;9,0;0,65;9,0;0,61;8,9;0,63;9,1;0,46;9,0;0,52;
01.12.2022 10:52:42;9,0;0,60;9,0;0,62;8,9;0,61;9,1;0,46;9,0;0,59;
01.12.2022 10:52:43;9,0;0,57;9,0;0,60;9,0;0,55;9,1;0,43;9,0;0,52;
01.12.2022 10:52:44;9,0;0,54;9,0;0,48;9,0;0,53;9,1;0,44;9,0;0,47;
01.12.2022 10:52:45;9,0;0,49;9,0;0,49;9,0;0,43;9,1;0,38;9,0;0,43;
01.12.2022 10:52:46;9,1;0,52;9,0;0,54;9,0;0,54;9,1;0,22;9,0;0,41;
01.12.2022 10:52:47;9,0;0,73;9,0;0,63;9,0;0,68;9,1;0,48;---;0,54;
01.12.2022 10:52:48;9,0;0,79;9,0;0,42;8,9;0,54;9,1;0,58;9,0;0,64;
01.12.2022 10:52:49;9,0;0,48;9,0;0,35;9,0;0,35;9,1;0,29;9,0;0,29;
01.12.2022 10:52:50;9,0;0,61;9,0;0,43;9,0;0,53;9,1;0,44;9,0;0,38;
01.12.2022 10:52:51;9,0;0,57;9,0;0,42;9,0;0,57;9,1;0,45;9,0;0,47;
01.12.2022 10:52:52;9,0;0,56;9,0;0,52;8,9;0,54;9,1;0,45;9,0;0,49;
01.12.2022 10:52:53;9,0;0,51;9,0;0,48;8,9;0,51;9,1;0,42;9,0;0,45;
01.12.2022 10:52:54;9,0;0,49;9,0;0,50;8,9;0,50;9,0;0,40;9,0;0,43;
01.12.2022 10:52:55;9,0;0,44;9,0;0,50;8,9;0,46;9,1;0,37;9,0;0,46;
01.12.2022 10:52:56;9,0;0,45;9,0;0,49;8,9;0,50;9,1;0,37;9,0;0,46;
01.12.2022 10:52:57;9,0;0,44;9,0;0,47;9,0;0,44;9,1;0,37;9,0;0,40;
01.12.2022 10:52:58;9,0;0,44;9,0;0,45;9,0;0,46;9,1;0,36;9,0;0,42;
01.12.2022 10:52:59;9,0;0,44;9,0;0,42;9,0;0,46;9,1;0,38;9,0;0,40;
01.12.2022 10:53:00;9,0;0,45;9,0;0,40;9,0;0,43;9,1;0,39;9,0;0,38;
01.12.2022 10:53:01;9,0;0,51;9,0;0,41;9,0;0,49;9,1;0,42;9,0;0,38;
01.12.2022 10:53:02;9,0;0,53;9,0;0,41;9,0;0,51;9,1;0,44;9,0;0,38;
01.12.2022 10:53:03;9,0;0,51;9,0;0,42;9,0;0,47;9,1;0,41;9,0;0,43;
01.12.2022 10:53:04;9,0;0,44;9,1;0,23;9,0;0,36;9,1;0,29;9,0;0,29;
01.12.2022 10:53:05;9,1;0,40;9,1;0,22;9,0;0,33;9,1;0,32;9,1;0,32;
01.12.2022 10:53:06;9,1;0,40;9,1;0,28;9,0;0,34;9,1;0,34;9,1;0,24;
01.12.2022 10:53:07;9,1;0,40;9,1;0,33;9,0;0,37;9,1;0,32;9,1;0,33;
01.12.2022 10:53:08;9,1;0,41;9,1;0,41;9,0;0,38;9,1;0,29;---;0,28;
01.12.2022 10:53:09;9,1;0,38;9,1;0,24;9,0;0,33;9,2;0,26;9,1;0,32;
01.12.2022 10:53:10;9,1;0,34;9,1;0,20;9,1;0,24;9,2;0,21;9,1;0,23;
01.12.2022 10:53:11;9,1;0,27;9,1;0,20;9,1;0,23;9,2;0,17;9,1;0,21;
01.12.2022 10:53:12;9,1;0,28;9,2;0,20;9,1;0,23;9,2;0,17;9,1;0,19;
01.12.2022 10:53:13;9,1;0,22;9,2;0,16;9,1;0,18;9,2;0,15;9,1;0,20;
01.12.2022 10:53:14;9,2;0,20;9,2;0,18;9,1;0,17;9,2;0,13;---;0,16;
01.12.2022 10:53:15;9,2;0,20;9,2;0,19;9,1;0,19;9,2;0,10;9,2;0,15;
01.12.2022 10:53:16;9,2;0,23;9,2;0,25;9,1;0,18;9,2;0,13;9,2;0,19;
01.12.2022 10:53:17;9,2;0,20;9,2;0,20;9,1;0,15;9,2;0,13;9,2;0,15;
01.12.2022 10:53:18;9,2;0,21;9,2;0,22;9,1;0,14;9,2;0,10;9,2;0,13;
01.12.2022 10:53:19;9,2;0,20;9,2;0,27;9,1;0,18;9,3;0,12;9,2;0,17;
01.12.2022 10:53:20;9,2;0,20;9,2;0,16;9,2;0,11;9,3;0,12;9,2;0,14;
01.12.2022 10:53:21;9,2;0,24;9,2;0,15;9,2;0,11;9,3;0,10;9,2;0,10;
01.12.2022 10:53:22;9,2;0,23;9,2;0,20;9,2;0,09;9,3;0,09;9,2;0,13;
01.12.2022 10:53:23;9,2;0,22;9,2;0,15;9,2;0,10;9,3;0,07;9,2;0,10;
01.12.2022 10:53:24;9,2;0,36;9,2;0,28;9,2;0,32;9,3;0,17;9,2;0,17;
01.12.2022 10:53:25;9,2;0,37;9,2;0,32;9,2;0,37;9,3;0,23;9,2;0,29;
01.12.2022 10:53:26;9,2;0,37;9,2;0,36;9,2;0,35;9,3;0,27;9,2;0,33;
01.12.2022 10:53:27;9,2;0,41;9,2;0,45;9,2;0,39;9,3;0,29;9,2;0,38;
01.12.2022 10:53:28;9,2;0,38;9,2;0,37;9,2;0,40;9,3;0,29;9,2;0,42;
01.12.2022 10:53:29;9,2;0,35;9,2;0,25;9,2;0,23;9,3;0,17;9,2;0,27;
01.12.2022 10:53:30;9,2;0,53;9,2;0,44;9,2;0,41;9,3;0,25;---;0,34;
01.12.2022 10:53:31;9,2;0,52;9,2;0,39;9,2;0,43;9,3;0,36;9,2;0,35;
01.12.2022 10:53:32;9,2;0,58;9,2;0,43;9,2;0,45;9,3;0,34;9,2;0,39;
01.12.2022 10:53:33;9,1;0,69;9,2;0,50;9,1;0,58;9,2;0,38;9,2;0,40;
01.12.2022 10:53:34;9,1;0,44;9,2;0,44;9,1;0,43;9,2;0,45;9,2;0,47;
01.12.2022 10:53:35;9,2;0,24;9,2;0,40;9,1;0,29;9,2;0,26;9,2;0,30;
01.12.2022 10:53:36;9,2;0,25;9,2;0,46;9,2;0,22;9,3;0,24;9,2;0,26;
01.12.2022 10:53:37;9,2;0,30;9,2;0,39;9,2;0,29;9,3;0,26;9,2;0,28;
01.12.2022 10:53:38;9,2;0,28;9,2;0,44;9,2;0,34;9,3;0,25;9,2;0,29;
01.12.2022 10:53:39;9,2;0,23;9,2;0,39;9,2;0,25;9,3;0,26;9,2;0,26;
01.12.2022 10:53:40;9,2;0,28;9,2;0,39;9,2;0,33;9,3;0,29;9,2;0,27;
01.12.2022 10:53:41;9,2;0,29;9,2;0,34;9,2;0,32;9,3;0,29;9,2;0,28;
01.12.2022 10:53:42;9,2;0,24;9,2;---;9,2;0,27;9,3;0,23;9,2;0,26;
01.12.2022 10:53:43;9,2;0,21;9,3;0,32;9,2;0,25;9,3;0,15;9,2;0,25;
01.12.2022 10:53:44;9,2;0,27;9,3;0,36;9,2;0,28;9,3;0,22;9,2;0,29;
01.12.2022 10:53:45;9,3;0,22;9,3;0,32;9,2;0,19;9,3;0,19;9,3;0,20;
01.12.2022 10:53:46;9,3;0,24;9,3;0,37;9,2;0,21;9,3;0,18;9,3;0,26;
01.12.2022 10:53:47;9,3;0,22;9,3;0,34;9,2;0,25;9,3;0,16;9,3;0,26;
01.12.2022 10:53:48;9,3;0,26;9,3;0,28;9,2;0,23;9,3;0,14;9,3;0,20;
01.12.2022 10:53:49;9,3;0,33;9,3;0,22;9,3;0,28;9,3;0,26;9,3;0,15;
01.12.2022 10:53:50;9,3;0,34;9,3;0,22;9,2;0,33;9,3;0,26;9,3;0,18;

Nome strumento;testo 405i;testo 405i;testo 405i;testo 405i;testo 405i;
Numero di serie;48945348;48944261;48944590;48943154;48939789;
