Data Ora;154 [°C];154 [m/s];590 [°C];590 [m/s];150 [°C];150 [m/s];789 [°C];789 [m/s];261 [°C];261 [m/s];348 [°C];348 [m/s];,,,,,,,,,,,,
12.12.2022 11:40:24;1,4;0,42;---;0,38;---;---;1,5;0,43;1,6;0,53;1,7;0,57;,,,
12.12.2022 11:40:25;1,4;0,40;1,7;0,38;3,0;0,00;1,5;0,48;1,5;0,61;1,7;0,52;
12.12.2022 11:40:26;1,4;0,37;1,7;0,53;2,9;0,03;1,5;0,54;1,5;0,58;1,7;0,48;
12.12.2022 11:40:27;1,4;---;1,6;0,50;2,9;0,00;1,5;0,54;1,6;0,54;1,7;0,57;,
12.12.2022 11:40:28;1,4;0,45;1,6;0,55;2,9;0,00;1,5;0,53;1,6;0,51;1,7;0,62;
12.12.2022 11:40:29;1,4;0,38;1,6;0,50;2,9;0,00;1,5;0,55;1,6;0,52;1,6;0,61;
12.12.2022 11:40:30;1,4;0,36;1,6;0,59;2,9;0,00;1,5;0,51;1,5;0,52;1,6;0,58;
12.12.2022 11:40:31;1,4;0,29;1,6;0,55;2,9;0,00;1,5;0,45;1,5;0,50;1,7;0,55;
12.12.2022 11:40:32;1,4;---;1,6;0,53;2,9;0,00;1,5;0,49;1,5;0,49;1,7;0,52;,
12.12.2022 11:40:33;1,5;0,37;1,6;0,50;2,9;0,00;1,5;0,56;1,6;0,50;1,7;0,58;
12.12.2022 11:40:34;1,5;---;1,6;0,55;2,9;0,00;1,5;0,60;1,5;0,54;1,7;0,45;,
12.12.2022 11:40:35;1,5;0,35;1,6;0,61;2,9;0,00;1,5;0,52;1,5;0,62;1,7;0,52;
12.12.2022 11:40:36;1,5;---;1,6;0,61;2,9;0,00;1,5;0,52;1,5;0,57;1,7;0,55;,
12.12.2022 11:40:37;1,5;0,32;1,6;0,50;2,9;0,00;1,5;0,46;1,5;0,59;1,7;0,55;
12.12.2022 11:40:38;1,5;0,36;1,6;0,51;2,9;0,00;1,5;0,43;1,5;0,44;1,7;0,53;
12.12.2022 11:40:39;1,5;0,42;1,6;0,49;2,9;0,01;1,5;0,40;1,6;0,31;1,7;0,55;
12.12.2022 11:40:40;1,5;0,36;1,6;0,51;2,9;0,00;1,6;0,43;1,6;0,44;1,7;0,48;
12.12.2022 11:40:41;1,5;0,41;1,6;0,58;2,9;0,00;1,6;0,50;1,6;0,44;1,7;0,41;
12.12.2022 11:40:42;1,5;0,45;1,6;0,64;2,9;0,01;1,5;0,58;1,6;0,62;1,7;0,46;
12.12.2022 11:40:43;---;---;1,6;0,71;2,9;0,00;1,5;0,65;1,5;0,66;1,7;0,68;,,
12.12.2022 11:40:44;1,4;0,58;1,6;0,77;2,9;0,00;1,5;0,60;1,5;0,60;1,7;0,69;
12.12.2022 11:40:45;1,4;0,42;1,5;0,70;2,9;0,00;1,5;0,53;1,6;0,51;1,7;0,59;
12.12.2022 11:40:46;1,4;---;1,6;0,62;2,8;0,01;1,5;0,49;1,6;0,48;1,7;0,54;,
12.12.2022 11:40:47;1,4;0,49;1,6;0,56;2,8;0,00;1,5;0,48;1,6;0,42;1,7;0,61;
12.12.2022 11:40:48;1,4;0,47;1,6;0,53;2,8;0,01;1,5;0,45;1,6;0,45;1,7;0,56;
12.12.2022 11:40:49;1,4;0,37;1,6;0,46;2,8;0,02;1,5;0,49;1,6;0,47;1,7;0,57;
12.12.2022 11:40:50;1,5;---;1,6;0,50;2,8;0,03;1,5;0,50;1,6;0,44;1,7;0,48;,
12.12.2022 11:40:51;1,4;0,45;1,6;0,48;2,8;0,02;1,5;0,56;1,6;0,46;1,7;0,58;
12.12.2022 11:40:52;1,5;0,50;1,6;0,47;2,8;0,02;1,5;0,57;1,6;0,51;1,7;0,66;
12.12.2022 11:40:53;1,4;---;1,6;0,49;2,8;0,00;1,5;0,58;1,6;0,53;1,7;0,69;,
12.12.2022 11:40:54;---;0,57;1,6;0,53;2,8;0,00;1,5;0,60;1,6;0,59;1,7;0,71;,
12.12.2022 11:40:55;1,4;0,55;1,6;0,61;2,8;0,00;1,5;0,63;1,6;0,53;1,7;0,70;
12.12.2022 11:40:56;1,4;0,62;1,6;0,56;2,8;0,00;1,5;0,63;1,6;0,61;1,7;0,62;
12.12.2022 11:40:57;1,5;0,57;1,6;0,55;2,8;0,00;1,5;0,60;1,6;0,60;1,7;0,66;
12.12.2022 11:40:58;1,4;---;1,6;0,53;2,8;0,00;1,5;0,71;1,6;0,58;1,7;0,66;,
12.12.2022 11:40:59;1,4;0,61;1,6;0,45;2,8;0,00;1,5;0,79;1,6;0,79;1,7;0,82;
12.12.2022 11:41:00;1,4;0,61;1,6;0,77;2,8;0,01;1,5;0,75;1,6;0,77;1,7;0,78;
12.12.2022 11:41:01;1,4;0,63;1,6;0,74;2,8;0,01;1,5;0,77;1,6;0,78;1,6;1,00;
12.12.2022 11:41:02;1,4;0,68;1,6;0,68;2,8;0,00;1,5;0,62;1,6;0,47;1,6;1,12;
12.12.2022 11:41:03;1,5;---;1,6;0,56;2,8;0,00;1,5;0,60;1,6;0,43;1,6;0,84;,
12.12.2022 11:41:04;1,5;0,53;1,6;0,49;2,7;0,04;1,5;0,81;1,6;0,55;1,6;0,92;
12.12.2022 11:41:05;1,5;0,60;1,7;0,36;2,7;0,03;1,5;0,79;1,6;0,36;1,6;1,03;
12.12.2022 11:41:06;1,4;1,03;1,7;0,38;2,7;0,03;1,5;0,85;1,6;0,48;1,6;1,07;
12.12.2022 11:41:07;1,4;---;1,7;0,43;2,7;0,02;1,5;0,53;1,6;0,38;1,6;1,11;,
12.12.2022 11:41:08;1,4;0,97;1,7;0,30;2,7;0,02;1,5;0,48;1,6;0,21;1,6;0,71;
12.12.2022 11:41:09;1,5;0,54;1,7;0,17;2,7;0,03;1,6;0,50;1,6;0,20;1,6;0,63;
12.12.2022 11:41:10;1,5;0,32;1,7;0,25;2,7;0,01;1,6;0,37;1,7;0,26;1,7;0,43;
12.12.2022 11:41:11;1,5;0,35;1,7;0,34;2,7;0,00;1,6;0,49;1,7;0,35;1,7;0,55;
12.12.2022 11:41:12;1,5;0,34;1,7;0,33;2,7;0,02;1,6;0,27;1,7;0,36;1,7;0,43;
12.12.2022 11:41:13;1,4;---;1,7;0,22;2,7;0,02;1,6;0,56;1,7;0,30;1,7;0,80;,
12.12.2022 11:41:14;1,4;0,93;1,7;0,33;2,7;0,04;1,6;0,75;1,7;0,43;1,7;0,73;
12.12.2022 11:41:15;1,4;0,98;1,7;0,64;2,7;0,04;1,5;1,06;1,6;0,95;1,6;1,26;
12.12.2022 11:41:16;1,4;0,84;1,7;0,86;2,7;0,04;1,5;1,14;1,6;0,96;1,6;1,16;
12.12.2022 11:41:17;1,4;0,91;1,7;0,81;2,7;0,02;1,5;1,02;1,6;0,65;1,6;1,13;
12.12.2022 11:41:18;1,4;0,96;1,7;0,65;2,7;0,04;1,5;0,89;1,6;0,65;1,6;1,26;
12.12.2022 11:41:19;1,4;1,08;1,7;0,62;2,6;0,04;1,5;0,95;1,6;0,52;1,6;1,46;
12.12.2022 11:41:20;1,4;1,20;1,7;0,67;2,6;0,06;1,5;1,05;1,6;1,21;1,6;1,38;
12.12.2022 11:41:21;---;1,12;1,7;0,79;2,6;0,04;1,5;1,06;1,6;0,88;1,6;1,21;,
12.12.2022 11:41:22;1,3;1,11;1,6;1,06;2,6;0,05;1,4;1,07;1,5;1,11;1,5;1,22;
12.12.2022 11:41:23;1,3;0,98;1,6;1,08;2,6;0,04;1,4;1,14;1,5;1,09;1,5;1,21;
12.12.2022 11:41:24;1,3;0,93;1,6;1,07;2,6;0,02;1,4;1,05;1,5;1,25;1,5;1,17;
12.12.2022 11:41:25;1,3;0,85;1,6;1,09;2,6;0,00;1,4;1,14;1,5;1,11;1,5;1,19;
12.12.2022 11:41:26;1,4;0,95;1,5;1,25;2,6;0,00;1,4;1,06;1,5;1,16;1,5;1,22;
12.12.2022 11:41:27;1,4;0,91;1,5;1,18;2,6;0,01;1,4;1,05;1,5;1,09;1,5;1,19;
12.12.2022 11:41:28;1,3;0,90;1,5;1,04;2,6;0,00;1,4;1,09;1,5;1,09;1,5;1,31;
12.12.2022 11:41:29;1,3;0,95;1,5;1,04;2,6;0,02;1,4;0,98;1,5;1,09;1,5;1,18;
12.12.2022 11:41:30;1,3;0,92;1,5;1,11;2,6;0,01;1,4;0,96;1,5;1,03;1,5;1,04;
12.12.2022 11:41:31;1,3;0,91;1,5;1,07;2,6;0,00;1,4;0,97;1,5;0,99;1,5;1,18;
12.12.2022 11:41:32;1,3;0,81;1,5;1,11;2,6;0,01;1,4;0,93;1,5;0,95;1,5;0,99;
12.12.2022 11:41:33;1,4;0,60;1,5;1,03;2,6;0,00;1,4;0,88;1,5;0,94;1,5;1,03;
12.12.2022 11:41:34;---;0,45;1,5;0,89;2,6;0,00;1,4;0,84;1,5;0,85;1,5;0,98;,
12.12.2022 11:41:35;1,4;0,52;1,5;0,87;2,6;0,00;1,4;0,83;1,5;0,79;1,5;0,98;
12.12.2022 11:41:36;1,4;0,56;1,5;0,79;2,6;0,00;1,4;0,73;1,5;0,69;1,5;0,93;
12.12.2022 11:41:37;1,4;0,60;1,5;0,65;2,6;0,00;1,4;0,72;1,5;0,71;1,5;0,85;
12.12.2022 11:41:38;1,4;0,59;1,5;0,59;2,6;0,00;1,4;0,70;1,5;0,52;1,5;0,81;
12.12.2022 11:41:39;1,4;0,51;1,6;0,57;2,6;0,00;1,4;0,61;1,5;0,60;1,5;0,83;
12.12.2022 11:41:40;1,4;0,41;1,6;0,58;2,5;0,00;1,4;0,55;1,5;0,52;1,5;0,74;
12.12.2022 11:41:41;1,4;0,48;1,6;0,56;2,5;0,00;1,4;0,52;1,5;0,45;1,5;0,67;
12.12.2022 11:41:42;1,4;0,40;1,6;0,56;2,5;0,00;1,4;0,57;1,6;0,41;1,5;0,61;
12.12.2022 11:41:43;1,4;0,30;1,6;0,57;2,5;0,00;1,5;0,59;1,6;0,53;1,5;0,61;
12.12.2022 11:41:44;---;0,34;1,6;0,64;2,5;0,00;1,5;0,54;1,6;0,46;1,6;0,55;,
12.12.2022 11:41:45;1,4;0,35;1,6;0,78;2,5;0,00;1,5;0,51;1,6;0,48;1,6;0,60;
12.12.2022 11:41:46;1,4;0,53;1,6;0,85;2,5;0,00;1,5;0,41;1,6;0,57;1,6;0,70;
12.12.2022 11:41:47;---;0,60;1,5;0,79;2,5;0,00;1,5;0,46;1,6;0,40;1,6;0,94;,
12.12.2022 11:41:48;1,4;0,59;1,5;0,72;2,5;0,02;1,5;0,72;1,6;0,54;1,6;0,75;
12.12.2022 11:41:49;1,4;0,68;1,6;0,64;2,5;0,02;1,5;0,76;1,6;0,62;1,5;0,99;
12.12.2022 11:41:50;1,4;0,51;1,6;0,82;2,5;0,02;1,4;0,85;1,6;0,69;1,5;0,89;
12.12.2022 11:41:51;---;0,54;1,6;0,69;2,5;0,00;1,4;0,76;1,6;0,53;1,5;0,98;,
12.12.2022 11:41:52;1,4;0,68;1,6;0,61;2,5;0,00;1,4;0,66;1,6;0,46;1,5;0,99;
12.12.2022 11:41:53;1,4;0,74;1,6;0,64;2,5;0,00;1,4;0,77;1,6;0,38;1,5;0,95;
12.12.2022 11:41:54;1,4;0,73;1,6;0,57;2,5;0,00;1,4;0,76;1,6;0,56;1,5;0,85;
12.12.2022 11:41:55;1,4;0,73;1,6;0,55;2,5;0,00;1,4;0,64;1,6;0,37;1,5;0,80;
12.12.2022 11:41:56;1,3;0,62;1,6;0,44;2,5;0,00;1,4;0,58;1,6;0,52;1,5;0,75;
12.12.2022 11:41:57;1,3;0,62;1,6;0,50;2,5;0,00;1,4;0,57;1,6;0,37;1,5;0,75;
12.12.2022 11:41:58;1,3;0,61;1,6;0,44;2,4;0,00;1,4;0,64;1,6;0,52;1,5;0,75;
12.12.2022 11:41:59;1,4;0,58;1,6;0,35;2,4;0,00;1,4;0,69;1,6;0,43;1,5;0,70;
12.12.2022 11:42:00;---;0,55;1,6;0,34;2,4;0,00;1,4;0,61;1,6;0,40;1,5;0,71;,
12.12.2022 11:42:01;1,4;0,56;1,6;0,35;2,4;0,00;1,4;0,68;1,6;0,34;1,5;0,87;
12.12.2022 11:42:02;1,3;0,65;1,6;0,52;2,4;0,01;1,4;0,85;1,6;0,65;1,5;0,90;
12.12.2022 11:42:03;1,3;0,64;1,6;0,46;2,4;0,00;1,4;0,74;1,6;0,77;1,4;0,92;
12.12.2022 11:42:04;---;0,62;1,6;0,31;2,4;0,00;1,4;0,73;1,5;0,72;1,4;0,90;,
12.12.2022 11:42:05;1,3;0,61;1,6;0,59;2,4;0,00;1,4;0,61;1,5;0,59;1,4;0,91;
12.12.2022 11:42:06;1,3;0,63;1,6;0,57;2,4;0,00;1,4;0,56;1,5;0,56;1,4;0,81;
12.12.2022 11:42:07;1,4;0,49;1,6;0,57;2,4;0,00;1,4;0,52;1,5;0,50;1,4;0,65;
12.12.2022 11:42:08;1,4;0,22;1,6;0,42;2,4;0,00;1,4;0,45;1,5;0,47;1,5;0,42;
12.12.2022 11:42:09;1,4;0,27;1,6;0,38;2,4;0,00;1,4;0,36;1,5;0,51;1,5;0,50;
12.12.2022 11:42:10;---;0,23;1,6;0,43;2,4;0,00;1,4;0,43;1,5;0,57;1,5;0,40;,
12.12.2022 11:42:11;1,4;0,44;1,6;0,49;2,4;0,00;1,4;0,52;1,5;0,52;1,5;0,44;
12.12.2022 11:42:12;1,4;0,47;1,6;0,52;2,4;0,00;1,4;0,51;1,5;0,60;1,5;0,64;
12.12.2022 11:42:13;1,4;0,55;1,6;0,53;2,4;0,00;1,4;0,60;1,5;0,60;1,5;0,69;
12.12.2022 11:42:14;1,4;0,55;1,5;0,59;2,4;0,00;1,4;0,58;1,5;0,58;1,5;0,46;
12.12.2022 11:42:15;---;0,35;1,5;0,57;2,4;0,00;1,4;0,54;1,5;0,59;1,5;0,70;,
12.12.2022 11:42:16;1,4;0,37;1,5;0,58;2,4;0,00;1,4;0,56;1,5;0,59;1,5;0,65;
12.12.2022 11:42:17;---;0,29;1,5;0,58;2,4;0,00;1,4;0,60;1,5;0,38;1,5;0,52;,
12.12.2022 11:42:18;1,5;0,12;1,5;0,54;2,4;0,00;1,4;0,53;1,5;0,51;1,5;0,39;
12.12.2022 11:42:19;---;0,12;1,5;0,57;2,4;0,00;1,4;0,48;1,5;0,55;1,5;0,32;,
12.12.2022 11:42:20;1,5;0,20;1,5;0,55;2,4;0,00;1,4;0,57;1,5;0,54;1,6;0,21;
12.12.2022 11:42:21;1,5;0,18;1,5;0,56;2,3;0,00;1,4;0,42;1,5;0,49;1,6;0,43;
12.12.2022 11:42:22;1,5;0,14;1,5;0,55;2,3;0,00;1,4;0,42;1,5;0,51;1,6;0,37;
12.12.2022 11:42:23;---;0,26;1,5;0,59;2,3;0,00;1,4;0,56;1,4;0,63;1,6;0,27;,
12.12.2022 11:42:24;1,5;0,35;1,4;0,66;2,3;0,00;1,4;0,64;1,4;0,71;1,6;0,42;
12.12.2022 11:42:25;---;0,47;1,4;0,57;2,3;0,00;1,4;0,59;1,4;0,70;1,5;0,65;,
12.12.2022 11:42:26;1,4;0,52;1,4;0,43;2,3;0,07;1,4;0,53;1,4;0,56;1,5;0,57;
12.12.2022 11:42:27;1,4;0,44;1,5;0,48;2,3;0,10;1,4;0,41;1,4;0,63;1,5;0,41;
12.12.2022 11:42:28;1,4;0,34;1,4;0,59;2,3;0,06;1,4;0,40;1,4;0,59;1,5;0,36;
12.12.2022 11:42:29;1,4;0,28;1,4;0,53;2,3;0,00;1,4;0,40;1,4;0,51;1,6;0,26;
12.12.2022 11:42:30;1,4;0,38;1,4;0,49;2,3;0,00;1,4;0,33;1,4;0,44;1,6;0,28;
12.12.2022 11:42:31;1,4;0,35;1,4;0,49;2,3;0,00;1,4;0,29;1,4;0,43;1,6;0,35;
12.12.2022 11:42:32;1,4;0,32;1,4;0,45;2,3;0,00;1,4;0,27;1,4;0,40;1,6;0,34;
12.12.2022 11:42:33;---;0,31;1,5;0,39;2,3;0,00;1,4;0,24;1,4;0,40;1,6;0,25;,
12.12.2022 11:42:34;1,4;0,25;1,5;0,38;2,3;0,00;1,4;0,21;1,4;0,39;1,6;0,21;
12.12.2022 11:42:35;1,4;0,22;1,5;0,32;2,3;0,02;1,4;0,24;1,4;0,38;1,6;0,19;
12.12.2022 11:42:36;1,4;0,28;1,5;0,40;2,3;0,01;1,5;0,24;1,4;0,37;1,6;0,19;
12.12.2022 11:42:37;---;0,31;1,5;0,45;2,3;0,04;1,5;0,24;1,4;0,39;1,6;0,25;,
12.12.2022 11:42:38;1,4;0,29;1,5;0,41;2,3;0,06;1,5;0,29;1,4;0,40;1,6;0,28;
12.12.2022 11:42:39;---;0,28;1,5;0,39;2,3;0,09;1,5;0,31;1,4;0,40;1,6;0,31;,
12.12.2022 11:42:40;1,5;0,27;1,5;0,38;2,3;0,13;1,4;0,31;1,4;0,39;1,6;0,29;
12.12.2022 11:42:41;1,5;0,18;1,5;0,38;2,3;0,05;1,4;0,30;1,4;0,36;1,6;0,27;
12.12.2022 11:42:42;---;0,22;1,5;0,34;2,3;0,01;1,5;0,25;1,5;0,32;1,6;0,24;,
12.12.2022 11:42:43;1,5;0,22;1,5;0,31;2,3;0,03;1,5;0,23;1,5;0,34;1,6;0,17;
12.12.2022 11:42:44;---;0,22;1,5;0,29;2,3;0,09;1,5;0,22;1,5;0,33;1,6;0,17;,
12.12.2022 11:42:45;1,4;0,30;1,5;0,26;2,3;0,08;1,5;0,24;1,5;0,32;1,6;0,24;
12.12.2022 11:42:46;1,4;0,36;1,5;0,26;2,3;0,11;1,5;0,22;1,5;0,30;1,6;0,20;
12.12.2022 11:42:47;1,4;0,32;1,5;0,22;2,3;0,12;1,5;0,14;1,5;0,21;1,6;0,07;
12.12.2022 11:42:48;1,4;0,52;1,5;0,17;2,3;0,10;1,5;0,13;1,5;0,18;1,6;0,18;
12.12.2022 11:42:49;1,4;0,46;1,5;0,20;2,3;0,10;1,5;0,25;1,5;0,25;1,6;0,26;
12.12.2022 11:42:50;---;0,30;1,5;0,29;2,3;0,11;1,5;0,28;1,5;0,34;1,6;0,19;,
12.12.2022 11:42:51;1,4;0,25;1,5;0,22;2,3;0,20;1,5;0,15;1,5;0,27;1,6;0,11;
12.12.2022 11:42:52;1,4;0,05;1,6;0,09;2,2;0,33;1,5;0,03;1,5;0,08;1,6;0,05;
12.12.2022 11:42:53;1,4;0,03;1,6;0,10;2,2;0,19;1,5;0,06;1,5;0,04;1,6;0,05;
12.12.2022 11:42:54;1,3;0,38;1,6;0,04;2,2;0,19;1,5;0,22;1,5;0,03;1,6;0,22;
12.12.2022 11:42:55;---;0,54;1,6;0,05;2,2;0,26;1,5;0,16;1,6;0,10;1,6;0,23;,
12.12.2022 11:42:56;1,3;0,56;1,6;0,07;2,1;0,41;1,5;0,31;1,6;0,07;1,5;0,26;
12.12.2022 11:42:57;1,3;0,31;1,6;0,10;2,1;0,36;1,5;0,14;1,6;0,04;1,6;0,14;
12.12.2022 11:42:58;1,3;0,33;1,6;0,19;2,1;0,62;1,5;0,22;1,6;0,18;1,6;0,17;
12.12.2022 11:42:59;1,4;0,15;1,6;0,48;2,0;0,55;1,5;0,23;1,6;0,28;1,6;0,16;
12.12.2022 11:43:00;1,4;0,11;1,6;0,52;2,0;0,38;1,5;0,13;1,6;0,40;1,6;0,20;
12.12.2022 11:43:01;---;0,09;1,6;0,24;2,0;0,13;1,5;0,21;1,6;0,25;1,6;0,20;,
12.12.2022 11:43:02;1,5;0,17;1,6;0,59;2,0;0,06;1,5;0,54;1,6;0,45;1,6;0,56;
12.12.2022 11:43:03;1,5;0,55;1,6;0,85;2,1;0,05;1,5;0,77;1,6;0,76;1,6;0,99;
12.12.2022 11:43:04;---;0,62;1,6;0,84;2,1;0,03;1,5;0,83;1,6;0,77;1,6;0,95;,
12.12.2022 11:43:05;1,5;0,66;1,6;0,80;2,1;0,02;1,5;0,82;1,6;0,94;1,6;0,94;
12.12.2022 11:43:06;1,4;0,67;1,6;0,79;2,1;0,00;1,5;0,88;1,5;0,75;1,6;0,96;
12.12.2022 11:43:07;1,4;0,84;1,6;0,84;2,1;0,00;1,4;0,82;1,5;0,70;1,5;1,04;
12.12.2022 11:43:08;---;0,91;1,6;0,77;2,1;0,00;1,4;0,77;1,5;0,72;1,5;1,06;,
12.12.2022 11:43:09;1,4;0,87;1,6;0,65;2,1;0,00;1,4;0,83;1,5;0,66;1,5;0,99;
12.12.2022 11:43:10;1,4;0,81;1,5;0,68;2,2;0,00;1,4;0,66;1,5;0,70;1,5;0,98;
12.12.2022 11:43:11;1,3;0,74;1,5;0,69;2,2;0,00;1,4;0,74;1,5;0,70;1,4;0,86;
12.12.2022 11:43:12;1,3;0,68;1,5;0,76;2,2;0,00;1,4;0,65;1,5;0,64;1,4;0,79;
12.12.2022 11:43:13;1,4;0,62;1,5;0,72;2,2;0,00;1,4;0,59;1,5;0,62;1,4;0,82;
12.12.2022 11:43:14;---;0,56;1,5;0,68;2,2;0,00;1,4;0,54;1,4;0,59;1,4;0,83;,
12.12.2022 11:43:15;1,4;0,60;1,5;0,60;2,1;0,00;1,4;0,55;1,5;0,56;1,4;0,71;
12.12.2022 11:43:16;1,4;0,60;1,5;0,55;2,1;0,00;1,4;0,62;1,4;0,60;1,4;0,83;
12.12.2022 11:43:17;1,4;0,61;1,5;0,61;2,1;0,00;1,4;0,63;1,4;0,62;1,4;0,78;
12.12.2022 11:43:18;1,4;0,60;1,5;0,61;2,1;0,00;1,4;0,58;1,4;0,58;1,5;0,76;
12.12.2022 11:43:19;1,4;0,62;1,5;0,64;2,1;0,00;1,4;0,61;1,4;0,65;1,4;0,73;
12.12.2022 11:43:20;1,3;0,72;1,5;0,62;2,1;0,00;1,4;0,59;1,4;0,65;1,4;0,79;
12.12.2022 11:43:21;1,3;0,71;1,4;0,59;2,1;0,00;1,4;0,55;1,4;0,58;1,4;0,79;
12.12.2022 11:43:22;1,3;0,63;1,5;0,64;2,1;0,00;1,4;0,57;1,4;0,60;1,4;0,79;
12.12.2022 11:43:23;1,3;0,58;1,5;0,63;2,1;0,01;1,4;0,63;1,4;0,62;1,4;0,72;
12.12.2022 11:43:24;1,3;0,72;1,4;0,62;2,1;0,02;1,3;0,72;1,4;0,73;1,4;0,87;
12.12.2022 11:43:25;1,3;0,92;1,4;0,67;2,1;0,02;1,3;0,95;1,4;0,98;1,4;1,16;
12.12.2022 11:43:26;1,3;1,08;1,4;0,60;2,1;0,00;1,3;0,99;1,4;0,84;1,3;1,39;
12.12.2022 11:43:27;1,2;1,21;1,4;0,74;2,1;0,05;1,3;0,88;1,4;0,76;1,3;1,19;
12.12.2022 11:43:28;1,2;1,17;1,4;0,73;2,1;0,02;1,3;0,76;1,4;0,64;1,3;1,20;
12.12.2022 11:43:29;1,2;1,04;1,4;0,70;2,1;0,00;1,3;0,73;1,3;0,74;1,3;1,10;
12.12.2022 11:43:30;1,2;0,92;1,4;0,78;2,1;0,00;1,3;0,82;1,3;0,77;1,3;1,04;
12.12.2022 11:43:31;---;0,82;1,3;0,91;2,1;0,01;1,3;0,78;1,3;0,93;1,3;1,01;,
12.12.2022 11:43:32;1,2;0,79;1,3;0,85;2,1;0,00;1,3;0,76;1,3;0,89;1,3;0,96;
12.12.2022 11:43:33;1,2;0,88;1,3;0,73;2,1;0,00;1,3;0,67;1,3;0,92;1,3;0,99;
12.12.2022 11:43:34;1,2;0,87;1,3;0,69;2,1;0,02;1,3;0,70;1,3;0,78;1,3;0,93;
12.12.2022 11:43:35;1,2;0,90;1,3;0,61;2,1;0,03;1,3;0,57;1,3;0,63;1,3;1,10;
12.12.2022 11:43:36;1,2;0,87;1,4;0,50;2,1;0,02;1,3;0,65;1,4;0,55;1,3;0,97;
12.12.2022 11:43:37;1,2;0,92;1,4;0,62;2,1;0,01;1,3;0,66;1,4;0,55;1,3;0,95;
12.12.2022 11:43:38;1,2;0,77;1,4;0,64;2,1;0,03;1,3;0,55;1,4;0,49;1,3;0,82;
12.12.2022 11:43:39;1,2;0,64;1,4;0,67;2,1;0,00;1,3;0,56;1,4;0,48;1,3;0,81;
12.12.2022 11:43:40;---;0,63;1,3;0,73;2,1;0,00;1,3;0,56;1,4;0,51;1,3;0,86;,
12.12.2022 11:43:41;1,3;0,57;1,4;0,64;2,1;0,00;1,3;0,70;1,4;0,56;1,3;0,85;
12.12.2022 11:43:42;1,3;0,64;1,4;0,56;2,1;0,00;1,3;0,66;1,4;0,76;1,3;0,83;
12.12.2022 11:43:43;---;0,64;1,4;0,56;2,1;0,01;1,3;0,61;1,3;0,79;1,4;0,69;,
12.12.2022 11:43:44;1,3;0,52;1,4;0,66;2,1;0,03;1,3;0,63;1,3;0,67;1,4;0,74;
12.12.2022 11:43:45;1,3;0,60;1,4;0,77;2,1;0,00;1,3;0,63;1,3;0,75;1,4;0,83;
12.12.2022 11:43:46;1,3;0,67;1,4;0,67;2,0;0,00;1,3;0,78;1,3;0,76;1,4;0,85;
12.12.2022 11:43:47;1,3;0,76;1,4;0,67;2,0;0,00;1,3;0,74;1,3;0,72;1,4;0,90;
12.12.2022 11:43:48;1,2;0,89;1,4;0,76;2,0;0,00;1,3;0,66;1,3;0,73;1,3;1,17;
12.12.2022 11:43:49;1,2;0,86;1,4;0,71;2,0;0,00;1,3;0,72;1,3;0,77;1,3;1,04;
12.12.2022 11:43:50;1,2;0,79;1,3;0,76;2,0;0,02;1,3;0,70;1,3;0,85;1,3;0,92;
12.12.2022 11:43:51;1,2;0,88;1,3;0,68;2,0;0,04;1,3;0,83;1,3;0,74;1,3;1,12;
12.12.2022 11:43:52;1,2;0,77;1,3;0,81;2,0;0,01;1,2;0,90;1,3;1,09;1,3;0,92;
12.12.2022 11:43:53;1,2;0,69;1,3;1,13;2,0;0,02;1,2;1,03;1,2;1,18;1,3;0,99;
12.12.2022 11:43:54;1,2;0,58;1,3;1,00;2,0;0,01;1,2;0,84;1,2;0,95;1,3;0,91;
12.12.2022 11:43:55;1,2;0,85;1,3;1,03;2,0;0,00;1,2;1,00;1,2;0,86;1,3;1,25;
12.12.2022 11:43:56;1,2;1,31;1,3;0,76;2,0;0,00;1,2;1,18;1,2;1,23;1,2;1,66;
12.12.2022 11:43:57;1,1;1,32;1,3;0,75;2,0;0,08;1,2;1,23;1,2;1,43;1,2;1,74;
12.12.2022 11:43:58;1,1;1,32;1,3;1,15;2,0;0,06;1,1;1,33;1,2;1,32;1,2;1,57;
12.12.2022 11:43:59;1,1;1,17;1,3;0,73;2,0;0,06;1,1;1,22;1,2;1,07;1,2;1,42;
12.12.2022 11:44:00;1,1;1,11;1,3;0,67;1,9;0,09;1,1;1,10;1,2;1,21;1,2;1,37;
12.12.2022 11:44:01;1,1;0,92;1,3;1,02;2,0;0,09;1,1;1,27;1,2;1,45;1,2;1,40;
12.12.2022 11:44:02;1,1;0,96;1,2;1,06;2,0;0,09;1,1;1,35;1,2;1,41;1,2;1,55;
12.12.2022 11:44:03;1,1;1,03;1,2;1,23;2,0;0,11;1,1;1,27;1,2;1,48;1,2;1,30;
12.12.2022 11:44:04;1,1;1,17;1,2;1,19;1,9;0,18;1,1;1,08;1,1;1,28;1,2;1,21;
12.12.2022 11:44:05;1,1;1,52;1,2;0,81;1,9;0,12;1,1;1,22;1,1;1,12;1,1;1,67;
12.12.2022 11:44:06;1,1;1,60;1,2;0,73;1,9;0,07;1,1;1,50;1,1;1,68;1,1;1,86;
12.12.2022 11:44:07;1,1;1,56;1,2;1,56;1,9;0,05;1,1;1,46;1,1;1,63;1,1;1,69;
12.12.2022 11:44:08;1,1;1,38;1,1;1,69;1,9;0,02;1,1;1,34;1,1;1,40;1,1;1,46;
12.12.2022 11:44:09;1,1;1,35;1,1;1,57;1,9;0,01;1,1;1,37;1,1;1,41;1,1;1,62;
12.12.2022 11:44:10;1,1;1,25;1,1;1,56;1,9;0,00;1,1;1,38;1,1;1,55;1,1;1,46;
12.12.2022 11:44:11;1,1;1,19;1,1;1,44;1,9;0,03;1,1;1,20;1,1;1,29;1,1;1,45;
12.12.2022 11:44:12;1,1;1,17;1,1;1,48;1,9;0,06;1,1;1,12;1,1;1,46;1,1;1,30;
12.12.2022 11:44:13;1,1;0,92;1,1;1,45;1,9;0,00;1,1;1,21;1,1;1,53;1,1;1,11;
12.12.2022 11:44:14;1,1;0,90;1,1;1,48;1,9;0,03;1,1;1,12;1,1;1,49;1,1;1,30;
12.12.2022 11:44:15;1,1;1,05;1,1;1,58;1,9;0,02;1,1;0,93;1,1;1,32;1,2;1,27;
12.12.2022 11:44:16;1,1;0,98;1,1;1,37;1,9;0,01;1,1;1,01;1,1;1,25;1,2;1,11;
12.12.2022 11:44:17;1,1;0,85;1,1;1,41;1,9;0,02;1,1;0,95;1,1;1,38;1,2;0,98;
12.12.2022 11:44:18;1,1;0,72;1,1;1,45;1,9;0,01;1,1;1,06;1,1;1,23;1,2;1,03;
12.12.2022 11:44:19;1,1;0,80;1,1;1,34;1,9;0,00;1,1;1,18;1,1;1,30;1,2;1,14;
12.12.2022 11:44:20;1,1;0,87;1,1;1,40;1,9;0,00;1,1;1,22;1,1;1,29;1,2;1,21;
12.12.2022 11:44:21;1,2;0,74;1,1;1,17;1,9;0,00;1,1;1,15;1,1;1,09;1,2;1,23;
12.12.2022 11:44:22;1,2;0,96;1,1;0,97;1,8;0,00;1,1;1,09;1,1;1,07;1,2;1,21;
12.12.2022 11:44:23;1,2;0,90;1,1;1,18;1,8;0,00;1,1;1,05;1,1;1,22;1,2;1,24;
12.12.2022 11:44:24;1,2;0,96;1,1;1,29;1,8;0,00;1,1;1,08;1,1;1,28;1,2;1,15;
12.12.2022 11:44:25;1,1;1,00;1,1;1,25;1,8;0,01;1,1;1,16;1,1;1,32;1,2;1,32;
12.12.2022 11:44:26;1,1;0,86;1,1;1,28;1,8;0,02;1,1;1,10;1,1;1,20;1,2;1,26;
12.12.2022 11:44:27;1,1;1,05;1,1;1,09;1,8;0,00;1,1;0,88;1,1;0,93;1,2;1,24;
12.12.2022 11:44:28;1,1;0,99;1,1;0,83;1,8;0,00;1,1;0,75;1,1;0,67;1,1;1,08;
12.12.2022 11:44:29;1,1;1,00;1,1;0,80;1,8;0,00;1,1;0,57;1,2;0,57;1,1;0,90;
12.12.2022 11:44:30;1,1;0,81;1,2;0,63;1,8;0,10;1,1;0,49;1,2;0,50;1,2;0,44;
12.12.2022 11:44:31;1,1;0,62;1,2;0,57;1,8;0,10;1,2;0,44;1,2;0,53;1,2;0,33;
12.12.2022 11:44:32;1,1;0,57;1,2;0,48;1,8;0,13;1,2;0,41;1,2;0,45;1,2;0,50;
12.12.2022 11:44:33;1,2;0,40;1,2;0,47;1,8;0,10;1,2;0,42;1,2;0,55;1,2;0,47;
12.12.2022 11:44:34;1,2;0,37;1,2;0,49;1,8;0,10;1,2;0,35;1,2;0,62;1,3;0,36;
12.12.2022 11:44:35;1,2;0,40;1,2;0,63;1,8;0,03;1,2;0,42;1,2;0,77;1,3;0,57;
12.12.2022 11:44:36;1,2;0,54;1,2;0,78;1,8;0,04;1,2;0,56;1,2;0,79;1,3;0,64;
12.12.2022 11:44:37;1,2;0,58;1,2;0,88;1,8;0,00;1,2;0,69;1,2;0,92;1,3;0,66;
12.12.2022 11:44:38;1,2;0,42;1,2;0,88;1,8;0,05;1,2;0,92;1,1;1,01;1,2;0,82;
12.12.2022 11:44:39;1,2;0,53;1,2;0,74;1,8;0,13;1,1;0,70;1,1;1,13;1,2;0,66;
12.12.2022 11:44:40;1,2;0,69;1,2;0,94;1,8;0,12;1,1;0,85;1,1;1,22;1,2;0,92;
12.12.2022 11:44:41;1,2;0,81;1,1;0,90;1,7;0,11;1,1;0,81;1,1;1,06;1,2;0,93;
12.12.2022 11:44:42;1,1;0,81;1,1;0,72;1,7;0,11;1,1;0,69;1,1;0,63;1,2;0,91;
12.12.2022 11:44:43;1,1;0,76;1,1;0,59;1,7;0,22;1,1;0,60;1,1;0,54;1,2;0,83;
12.12.2022 11:44:44;1,1;0,75;1,2;0,36;1,6;0,81;1,1;0,60;1,1;0,58;1,2;0,80;
12.12.2022 11:44:45;1,1;0,84;1,2;0,46;1,6;0,37;1,2;0,39;1,2;0,56;1,2;0,36;
12.12.2022 11:44:46;1,1;1,02;1,2;0,32;1,6;0,10;1,2;0,54;1,2;0,29;1,2;0,98;
12.12.2022 11:44:47;1,1;1,06;1,2;0,35;1,6;0,09;1,2;0,55;1,2;0,42;1,2;1,11;
12.12.2022 11:44:48;1,1;0,80;1,3;0,41;1,6;0,07;1,2;0,65;1,2;0,40;1,2;0,84;
12.12.2022 11:44:49;1,1;0,66;1,3;0,53;1,7;0,05;1,2;0,67;1,2;0,69;1,2;0,78;
12.12.2022 11:44:50;1,1;0,57;1,3;0,71;1,7;0,04;1,2;0,73;1,2;0,79;1,2;0,91;
12.12.2022 11:44:51;1,1;0,82;1,3;0,85;1,7;0,00;1,2;0,87;1,2;0,85;1,2;1,07;
12.12.2022 11:44:52;1,1;0,82;1,2;0,83;1,7;0,00;1,1;0,88;1,2;0,85;1,2;1,07;
12.12.2022 11:44:53;1,1;0,83;1,2;0,76;1,7;0,00;1,1;0,81;1,2;0,84;1,2;0,99;
12.12.2022 11:44:54;1,1;0,78;1,2;0,79;1,7;0,00;1,1;0,84;1,2;0,77;1,2;0,93;
12.12.2022 11:44:55;1,2;0,73;1,2;0,81;1,7;0,01;1,1;0,78;1,2;0,79;1,2;0,97;
12.12.2022 11:44:56;1,1;0,74;1,2;0,84;1,7;0,00;1,1;0,63;1,2;0,83;1,2;0,86;
12.12.2022 11:44:57;1,1;0,71;1,2;0,63;1,7;0,00;1,2;0,60;1,2;0,73;1,2;0,81;
12.12.2022 11:44:58;1,2;0,56;1,2;0,65;1,7;0,04;1,1;0,78;1,2;0,83;1,2;0,79;
12.12.2022 11:44:59;1,1;0,68;1,2;0,69;1,7;0,05;1,2;0,63;1,2;0,78;1,2;0,77;
12.12.2022 11:45:00;1,1;0,81;1,2;0,64;1,6;0,13;1,1;0,78;1,2;0,83;1,2;0,96;
12.12.2022 11:45:01;1,1;1,01;1,2;0,78;1,6;0,20;1,1;0,85;1,2;0,83;1,2;1,07;
12.12.2022 11:45:02;1,1;0,86;1,2;0,71;1,5;0,44;1,1;0,62;1,2;0,98;1,2;0,93;
12.12.2022 11:45:03;1,1;0,64;1,2;1,06;1,5;0,61;1,1;0,79;1,2;0,83;1,2;0,58;
12.12.2022 11:45:04;1,1;0,71;1,2;1,08;1,5;0,57;1,1;0,76;1,2;---;1,2;0,97;,
12.12.2022 11:45:05;1,1;0,90;1,2;0,98;1,4;0,26;1,1;0,76;1,2;0,63;1,2;0,98;
12.12.2022 11:45:06;1,1;0,64;1,2;0,82;1,5;0,28;1,1;0,64;1,2;0,67;1,2;0,79;
12.12.2022 11:45:07;1,1;0,52;1,2;0,77;1,5;0,24;1,1;0,61;1,2;0,68;1,2;0,85;
12.12.2022 11:45:08;1,1;0,39;1,2;0,85;1,5;0,10;1,1;0,64;1,1;0,77;1,1;0,88;
12.12.2022 11:45:09;1,1;0,95;1,1;0,78;1,5;0,11;1,1;0,66;1,1;1,00;1,1;0,84;
12.12.2022 11:45:10;1,1;0,81;1,1;0,90;1,5;0,11;1,1;0,97;1,1;1,14;1,1;0,85;
12.12.2022 11:45:11;1,1;1,06;1,1;1,30;1,5;0,12;1,1;0,98;1,1;1,18;1,1;1,36;
12.12.2022 11:45:12;1,0;1,38;1,1;0,98;1,5;0,13;1,0;1,37;1,0;1,42;1,1;1,58;
12.12.2022 11:45:13;1,0;1,62;1,1;1,16;1,6;0,14;1,0;1,45;1,0;1,14;1,0;2,21;
12.12.2022 11:45:14;1,0;1,79;1,1;1,08;1,6;0,15;1,0;1,12;1,0;1,27;1,0;2,02;
12.12.2022 11:45:15;1,0;1,63;1,1;0,97;1,5;0,28;1,0;1,21;1,0;1,39;1,0;1,78;
12.12.2022 11:45:16;1,0;1,36;1,1;1,03;1,5;0,14;1,0;1,10;1,0;1,05;1,0;1,31;
12.12.2022 11:45:17;1,0;1,67;1,0;1,13;1,5;0,16;1,0;0,86;1,0;1,35;1,0;1,40;
12.12.2022 11:45:18;1,0;1,55;1,0;1,38;1,5;0,16;1,0;1,34;1,0;1,63;1,0;1,54;
12.12.2022 11:45:19;1,0;1,44;1,0;1,48;1,5;0,15;1,0;1,32;1,0;1,57;1,0;1,55;
12.12.2022 11:45:20;1,0;1,34;1,0;1,32;1,5;0,12;1,0;1,30;1,0;1,34;1,0;1,53;
12.12.2022 11:45:21;1,0;1,35;1,0;1,25;1,5;0,12;1,0;1,12;1,0;1,17;1,0;1,38;
12.12.2022 11:45:22;1,0;1,25;1,0;1,12;1,5;0,16;1,0;1,08;1,0;1,04;1,0;1,38;
12.12.2022 11:45:23;1,0;1,23;1,0;1,17;1,5;0,08;1,0;1,37;1,0;1,38;1,0;1,52;
12.12.2022 11:45:24;1,0;1,57;1,0;0,97;1,5;0,17;0,9;1,70;1,0;---;1,0;1,93;,
12.12.2022 11:45:25;1,0;1,81;1,0;1,55;1,5;0,21;0,9;1,69;1,0;1,84;1,0;1,92;
12.12.2022 11:45:26;1,0;1,77;1,0;1,46;1,5;0,17;0,9;1,57;1,0;1,94;1,0;1,81;
12.12.2022 11:45:27;0,9;1,57;1,0;1,57;1,5;0,17;0,9;1,60;0,9;2,02;1,0;1,92;
12.12.2022 11:45:28;0,9;1,53;1,0;1,45;1,5;0,16;0,9;1,49;0,9;1,75;1,0;1,84;
12.12.2022 11:45:29;0,9;1,47;1,0;1,54;1,5;0,17;0,9;1,46;0,9;1,86;1,0;1,61;
12.12.2022 11:45:30;0,9;1,45;0,9;1,62;1,5;0,15;0,9;1,43;0,9;1,79;1,0;1,63;
12.12.2022 11:45:31;0,9;1,36;0,9;1,63;1,5;0,14;0,9;1,56;0,9;1,77;1,0;1,72;
12.12.2022 11:45:32;0,9;1,53;0,9;1,42;1,5;0,12;0,9;1,62;0,9;1,79;1,0;1,72;
12.12.2022 11:45:33;0,9;1,35;0,9;1,56;1,5;0,15;0,9;1,53;0,9;1,54;1,0;1,73;
12.12.2022 11:45:34;0,9;1,33;0,9;1,44;1,5;0,13;0,9;1,37;0,9;1,35;1,0;1,70;
12.12.2022 11:45:35;0,9;1,30;0,9;1,23;1,5;0,16;0,9;1,16;0,9;1,10;1,0;1,44;
12.12.2022 11:45:36;0,9;1,40;0,9;1,19;1,5;0,12;0,9;1,34;0,9;1,41;1,0;1,68;
12.12.2022 11:45:37;0,9;1,57;0,9;1,24;1,5;0,08;0,9;1,39;0,9;1,54;1,0;1,70;
12.12.2022 11:45:38;0,9;1,47;0,9;1,48;1,5;0,06;0,9;1,30;0,9;1,45;1,0;1,61;
12.12.2022 11:45:39;0,9;1,38;0,9;1,37;1,5;0,08;0,9;1,16;1,0;1,20;1,0;1,47;
12.12.2022 11:45:40;0,9;1,38;0,9;1,31;1,5;0,11;0,9;1,02;1,0;1,28;1,0;1,44;
12.12.2022 11:45:41;0,9;1,24;0,9;1,23;1,4;0,28;0,9;1,12;0,9;1,34;1,0;1,23;
12.12.2022 11:45:42;0,9;1,31;0,9;1,24;1,4;0,17;0,9;1,20;0,9;1,31;1,0;1,38;
12.12.2022 11:45:43;0,9;1,22;0,9;1,30;1,4;0,11;0,9;1,20;0,9;1,32;1,0;1,46;
12.12.2022 11:45:44;0,9;1,20;0,9;1,44;1,4;0,07;0,9;1,10;0,9;1,20;1,0;1,37;
12.12.2022 11:45:45;0,9;1,24;0,9;1,15;1,4;0,07;0,9;1,19;0,9;1,14;1,0;1,44;
12.12.2022 11:45:46;0,9;1,12;0,9;1,21;1,4;0,06;0,9;1,01;0,9;1,36;1,0;1,22;
12.12.2022 11:45:47;0,9;1,06;0,9;1,42;1,4;0,06;0,9;1,03;0,9;1,18;1,0;1,35;
12.12.2022 11:45:48;0,9;1,11;0,9;1,28;1,4;0,05;0,9;1,02;1,0;1,10;1,0;1,34;
12.12.2022 11:45:49;0,9;1,12;0,9;1,17;1,4;0,07;0,9;1,15;0,9;1,26;1,0;1,43;
12.12.2022 11:45:50;0,9;1,20;0,9;1,13;1,4;0,08;0,9;1,24;0,9;1,26;1,0;1,39;
12.12.2022 11:45:51;0,9;1,11;0,9;1,29;1,4;0,01;0,9;1,08;0,9;1,13;1,0;1,32;
12.12.2022 11:45:52;0,9;0,99;0,9;1,13;1,4;0,01;0,9;1,07;0,9;1,03;1,0;1,23;
12.12.2022 11:45:53;1,0;0,83;0,9;1,04;1,4;0,00;0,9;1,02;0,9;1,07;1,0;1,10;
12.12.2022 11:45:54;1,0;0,82;0,9;0,89;1,4;0,00;0,9;0,95;0,9;1,04;1,0;1,05;
12.12.2022 11:45:55;1,0;0,74;1,0;0,78;1,4;0,04;0,9;0,86;1,0;0,88;1,0;0,95;
12.12.2022 11:45:56;1,0;0,79;1,0;0,63;1,4;0,04;0,9;0,71;1,0;0,65;1,0;0,92;
12.12.2022 11:45:57;1,0;0,77;1,0;0,55;1,4;0,01;0,9;0,66;1,0;0,72;1,0;0,95;
12.12.2022 11:45:58;1,0;0,80;1,0;0,58;1,4;0,05;0,9;0,70;1,0;0,81;1,0;0,90;
12.12.2022 11:45:59;1,0;0,79;1,0;0,76;1,4;0,05;0,9;0,70;1,0;0,88;1,0;0,95;
12.12.2022 11:46:00;1,0;0,78;1,0;0,92;1,4;0,05;0,9;0,71;1,0;0,89;1,0;0,87;
12.12.2022 11:46:01;1,0;0,70;1,0;0,75;1,4;0,12;0,9;0,74;1,0;0,82;1,0;0,87;
12.12.2022 11:46:02;1,0;0,78;1,0;0,70;1,4;0,16;0,9;0,63;1,0;0,75;1,0;0,81;
12.12.2022 11:46:03;1,0;0,87;1,0;0,63;1,4;0,17;1,0;0,61;1,0;0,71;1,0;0,60;
12.12.2022 11:46:04;1,0;0,79;1,0;0,60;1,4;0,18;1,0;0,55;1,0;0,81;1,0;0,55;
12.12.2022 11:46:05;1,0;0,68;1,0;0,55;1,4;0,17;1,0;0,58;1,0;0,71;1,0;0,62;
12.12.2022 11:46:06;1,0;0,84;1,0;0,63;1,4;0,20;0,9;0,62;1,0;---;1,0;0,62;,
12.12.2022 11:46:07;1,0;0,76;1,0;0,61;1,4;0,19;0,9;0,64;1,0;0,98;1,0;0,44;
12.12.2022 11:46:08;1,0;0,63;1,0;0,55;1,4;0,19;0,9;0,64;0,9;1,21;1,0;0,64;
12.12.2022 11:46:09;1,0;0,68;1,0;0,75;1,4;0,15;0,9;0,76;0,9;1,27;1,0;0,64;
12.12.2022 11:46:10;1,0;0,57;1,0;0,69;1,4;0,15;0,9;0,58;0,9;---;1,0;0,42;,
12.12.2022 11:46:11;1,0;0,44;0,9;0,65;1,4;0,14;0,9;0,48;0,9;1,04;1,0;0,21;
12.12.2022 11:46:12;1,0;0,51;0,9;0,70;1,3;0,12;0,9;0,33;0,9;1,02;1,0;0,42;
12.12.2022 11:46:13;0,9;1,05;0,9;0,61;1,3;0,14;0,9;1,00;0,9;1,36;1,0;0,97;
12.12.2022 11:46:14;0,9;1,30;0,9;0,70;1,3;0,14;0,9;1,20;0,9;1,23;1,0;1,43;
12.12.2022 11:46:15;0,9;1,48;0,9;0,87;1,3;0,26;0,9;0,83;0,9;0,94;0,9;1,22;
12.12.2022 11:46:16;0,9;1,33;0,9;0,34;1,3;0,19;0,9;0,90;0,9;0,99;0,9;1,17;
12.12.2022 11:46:17;0,9;1,21;0,9;0,95;1,3;0,14;0,9;1,07;0,9;1,33;0,9;1,34;
12.12.2022 11:46:18;0,9;1,07;0,9;1,19;1,3;0,16;0,9;1,17;0,9;1,54;0,9;1,30;
12.12.2022 11:46:19;0,9;1,21;0,9;1,54;1,3;0,15;0,9;1,36;0,9;1,59;0,9;1,54;
12.12.2022 11:46:20;0,9;1,12;0,9;1,35;1,3;0,17;0,9;1,28;0,9;1,67;0,9;1,29;
12.12.2022 11:46:21;0,9;0,82;0,9;1,39;1,3;0,18;0,9;1,19;0,9;1,49;0,9;1,16;
12.12.2022 11:46:22;0,9;0,87;0,9;1,23;1,3;0,16;0,9;0,98;0,9;1,37;0,9;1,05;
12.12.2022 11:46:23;0,9;0,84;0,9;1,26;1,3;0,14;0,9;0,97;0,9;---;0,9;1,07;,
12.12.2022 11:46:24;0,9;0,98;0,9;1,18;1,3;0,13;0,9;1,28;0,9;1,20;0,9;1,44;
12.12.2022 11:46:25;0,9;0,98;0,9;1,07;1,3;0,18;0,9;0,70;0,9;0,90;0,9;0,60;
12.12.2022 11:46:26;0,9;0,86;0,9;0,78;1,3;0,17;0,9;0,71;0,9;1,11;0,9;0,74;
12.12.2022 11:46:27;0,9;0,90;0,9;0,76;1,3;0,24;0,9;0,39;0,9;0,78;0,9;0,23;
12.12.2022 11:46:28;0,9;0,85;0,9;0,87;1,3;0,23;0,9;0,63;0,9;0,91;0,9;0,40;
12.12.2022 11:46:29;0,9;1,28;0,9;0,53;1,3;0,21;0,9;0,63;0,9;0,72;0,9;0,87;
12.12.2022 11:46:30;0,9;1,17;0,9;0,42;1,3;0,19;0,9;0,46;0,9;0,60;0,9;0,83;
12.12.2022 11:46:31;0,9;1,31;0,9;0,83;1,3;0,21;0,9;0,83;0,9;0,95;0,9;1,25;
12.12.2022 11:46:32;0,9;1,39;0,9;1,09;1,2;0,28;0,9;1,17;0,9;1,32;0,9;1,35;
12.12.2022 11:46:33;0,9;1,53;0,9;0,78;1,2;0,25;0,8;1,34;0,9;1,59;0,9;1,00;
12.12.2022 11:46:34;0,9;1,44;0,9;1,30;1,2;0,24;0,8;1,43;0,9;---;0,9;1,46;,
12.12.2022 11:46:35;0,9;1,58;0,9;1,44;1,2;0,22;0,8;1,40;0,9;1,63;0,9;1,60;
12.12.2022 11:46:36;0,9;1,63;0,8;1,42;1,2;0,18;0,8;1,57;0,9;---;0,9;1,91;,
12.12.2022 11:46:37;0,9;1,60;0,8;1,41;1,2;0,10;0,8;1,52;0,8;1,55;0,9;1,81;
12.12.2022 11:46:38;0,9;1,33;0,8;1,53;1,2;0,08;0,8;1,37;0,8;---;0,9;1,62;,
12.12.2022 11:46:39;0,9;1,23;0,8;1,42;1,2;0,13;0,8;1,35;0,8;1,71;0,9;1,47;
12.12.2022 11:46:40;0,9;1,30;0,8;1,63;1,2;0,14;0,8;1,45;0,8;1,76;0,9;1,50;
12.12.2022 11:46:41;0,9;1,58;0,8;1,63;1,2;0,16;0,8;1,34;0,8;1,81;0,9;1,54;
12.12.2022 11:46:42;0,9;1,56;0,8;1,59;1,2;0,18;0,8;1,69;0,8;2,06;0,9;1,82;
12.12.2022 11:46:43;0,9;1,62;0,8;1,48;1,2;0,17;0,8;1,83;0,8;2,15;0,9;2,05;
12.12.2022 11:46:44;0,9;1,81;0,8;1,83;1,2;0,16;0,8;1,82;0,8;2,15;0,9;2,10;
12.12.2022 11:46:45;0,9;1,69;0,8;1,92;1,2;0,17;0,8;1,77;0,8;2,06;0,9;1,86;
12.12.2022 11:46:46;0,9;1,49;0,8;1,93;1,2;0,14;0,8;1,49;0,8;1,96;0,9;1,75;
12.12.2022 11:46:47;0,9;1,46;0,8;1,92;1,2;0,13;0,8;1,63;0,8;2,06;0,9;1,60;
12.12.2022 11:46:48;0,9;1,44;0,8;2,01;1,2;0,18;0,8;1,89;0,8;2,26;0,9;1,83;
12.12.2022 11:46:49;0,9;1,31;0,8;2,28;1,2;0,19;0,8;1,59;0,8;1,89;0,9;1,44;
12.12.2022 11:46:50;0,9;0,60;0,8;2,45;1,2;0,21;0,8;1,31;0,8;1,93;0,9;1,08;
12.12.2022 11:46:51;0,9;0,62;0,8;1,57;1,2;0,19;0,8;1,23;0,8;1,40;0,9;1,05;
12.12.2022 11:46:52;0,9;1,00;0,8;1,06;1,2;0,17;0,8;0,99;0,8;1,19;0,9;1,33;
12.12.2022 11:46:53;0,9;1,41;0,8;1,75;1,2;0,21;0,8;1,35;0,8;1,81;0,9;1,18;
12.12.2022 11:46:54;0,9;1,40;0,8;1,76;1,2;0,13;0,8;1,67;0,8;1,98;0,9;1,92;
12.12.2022 11:46:55;0,9;1,36;0,8;2,17;1,2;0,15;0,8;1,70;0,8;2,28;0,9;1,73;
12.12.2022 11:46:56;0,9;1,41;0,8;2,29;1,2;0,12;0,8;1,58;0,8;---;0,9;1,75;,
12.12.2022 11:46:57;0,9;1,40;0,8;1,96;1,2;0,11;0,8;1,40;0,8;1,81;0,9;1,67;
12.12.2022 11:46:58;0,9;1,21;0,8;1,87;1,2;0,08;0,8;1,40;0,8;1,64;0,9;1,51;
12.12.2022 11:46:59;0,9;1,25;0,8;1,55;1,2;0,05;0,8;1,18;0,8;1,26;0,9;1,39;
12.12.2022 11:47:00;0,9;1,13;0,8;1,30;1,2;0,00;0,8;1,12;0,8;0,96;0,9;1,24;
12.12.2022 11:47:01;0,9;1,20;0,8;0,95;1,2;0,04;0,8;1,01;0,8;1,02;0,9;1,35;
12.12.2022 11:47:02;0,9;1,11;0,8;0,97;1,2;0,02;0,8;1,01;0,9;1,05;0,9;1,31;
12.12.2022 11:47:03;0,9;1,06;0,8;1,04;1,2;0,04;0,8;1,01;0,9;---;0,9;1,24;,
12.12.2022 11:47:04;0,9;1,01;0,8;1,13;1,2;0,06;0,8;1,08;0,9;1,21;0,9;1,06;
12.12.2022 11:47:05;0,9;1,04;0,8;1,07;1,2;0,20;0,8;0,73;0,9;1,09;0,9;0,93;
12.12.2022 11:47:06;0,9;1,28;0,8;1,06;1,1;0,20;0,8;0,91;0,9;1,13;0,9;1,02;
12.12.2022 11:47:07;0,9;1,29;0,8;0,96;1,2;0,16;0,8;1,17;0,8;1,49;0,9;1,39;
12.12.2022 11:47:08;0,9;1,48;0,8;1,32;1,2;0,15;0,8;1,28;0,8;---;0,9;1,49;,
12.12.2022 11:47:09;0,9;1,44;0,8;1,41;1,2;0,14;0,8;1,41;0,8;1,74;0,9;1,58;
12.12.2022 11:47:10;0,9;1,50;0,8;1,57;1,2;0,13;0,8;1,49;0,8;1,74;0,9;1,65;
12.12.2022 11:47:11;0,9;1,44;0,8;1,51;1,2;0,14;0,8;1,33;0,8;1,48;0,9;1,69;
12.12.2022 11:47:12;0,9;1,39;0,8;1,29;1,2;0,13;0,8;---;0,8;---;0,9;1,45;,,
12.12.2022 11:47:13;0,9;1,40;0,8;1,28;1,2;0,17;0,8;1,36;0,8;1,54;0,9;1,43;
12.12.2022 11:47:14;0,9;1,47;0,8;1,50;1,1;0,18;0,8;1,35;0,8;1,70;0,9;1,60;
12.12.2022 11:47:15;0,9;1,44;0,8;1,47;1,1;0,11;0,8;1,56;0,8;1,74;0,9;1,76;
12.12.2022 11:47:16;0,8;1,49;0,8;1,56;1,2;0,09;0,8;1,55;0,8;1,73;0,9;1,76;
12.12.2022 11:47:17;0,8;1,47;0,8;1,64;1,2;0,11;0,8;1,45;0,8;1,68;0,9;1,64;
12.12.2022 11:47:18;0,9;1,28;0,8;1,57;1,1;0,19;0,8;1,33;0,8;1,60;0,9;1,56;
12.12.2022 11:47:19;0,9;1,31;0,8;1,69;1,1;0,10;0,8;1,38;0,8;1,66;0,9;1,55;
12.12.2022 11:47:20;0,9;1,20;0,8;1,51;1,1;0,10;0,8;0,93;0,8;1,21;0,9;1,35;
12.12.2022 11:47:21;0,9;0,98;0,8;1,22;1,1;0,14;0,8;0,91;0,8;---;0,9;1,40;,
12.12.2022 11:47:22;0,9;1,07;0,8;0,97;1,1;0,13;0,8;0,96;0,9;0,81;0,9;1,52;
12.12.2022 11:47:23;0,9;1,07;0,8;0,81;1,1;0,10;0,8;0,96;0,9;0,79;0,9;1,41;
12.12.2022 11:47:24;0,9;1,13;0,8;0,77;1,1;0,09;0,8;0,86;0,9;0,61;0,9;1,21;
12.12.2022 11:47:25;0,9;0,99;0,8;0,62;1,1;0,10;0,8;0,76;0,9;0,65;0,9;1,10;
12.12.2022 11:47:26;0,9;0,97;0,9;0,61;1,1;0,08;0,8;0,75;0,9;0,62;0,9;1,02;
12.12.2022 11:47:27;0,9;1,01;0,9;0,68;1,1;0,07;0,9;0,57;0,9;---;0,9;1,05;,
12.12.2022 11:47:28;0,9;0,81;0,9;0,74;1,1;0,03;0,9;0,67;0,9;0,61;0,9;0,91;
12.12.2022 11:47:29;0,9;0,84;0,9;0,71;1,1;0,00;0,9;0,90;0,9;0,69;0,9;0,98;
12.12.2022 11:47:30;0,9;0,92;0,9;0,57;1,1;0,01;0,8;0,87;0,9;---;0,9;1,14;,
12.12.2022 11:47:31;0,9;0,90;0,9;0,60;1,1;0,02;0,8;0,80;0,9;0,74;0,9;1,03;
12.12.2022 11:47:32;0,9;0,72;0,9;0,63;1,1;0,00;0,8;0,79;0,9;0,77;0,9;0,91;
12.12.2022 11:47:33;0,9;0,61;0,9;0,66;1,1;0,00;0,9;0,77;0,9;0,76;0,9;0,84;
12.12.2022 11:47:34;0,9;0,58;0,9;0,65;1,1;0,00;0,9;0,65;0,9;---;0,9;0,77;,
12.12.2022 11:47:35;0,9;0,65;0,9;0,64;1,1;0,00;0,9;0,69;0,9;0,74;0,9;0,79;
12.12.2022 11:47:36;0,9;0,84;0,9;0,74;1,1;0,01;0,9;0,80;0,9;---;0,9;1,02;,
12.12.2022 11:47:37;0,9;0,92;0,9;0,82;1,1;0,00;0,9;0,91;0,9;0,80;0,9;1,08;
12.12.2022 11:47:38;0,9;0,97;0,9;0,76;1,1;0,03;0,9;1,01;0,9;0,97;0,9;1,16;
12.12.2022 11:47:39;0,9;0,98;0,9;0,79;1,1;0,00;0,8;1,06;0,9;0,92;0,9;1,22;
12.12.2022 11:47:40;0,9;1,02;0,9;0,90;1,1;0,00;0,8;1,09;0,9;1,08;0,9;1,24;
12.12.2022 11:47:41;0,9;1,02;0,9;0,94;1,1;0,01;0,8;1,14;0,9;---;0,9;1,30;,
12.12.2022 11:47:42;0,9;1,11;0,9;1,00;1,1;0,00;0,8;1,23;0,9;1,19;0,9;1,35;
12.12.2022 11:47:43;0,9;1,14;0,9;1,00;1,1;0,00;0,8;1,20;0,9;---;0,9;1,40;,
12.12.2022 11:47:44;0,9;1,07;0,9;0,92;1,1;0,00;0,8;1,05;0,9;0,98;0,9;1,33;
12.12.2022 11:47:45;0,9;1,20;0,9;0,92;1,1;0,00;0,8;0,92;0,9;0,92;0,9;1,43;
12.12.2022 11:47:46;0,9;1,24;0,8;0,95;1,1;0,00;0,8;0,78;0,9;0,88;0,9;1,42;
12.12.2022 11:47:47;0,9;1,29;0,9;0,91;1,1;0,00;0,8;0,93;0,9;---;0,9;1,41;,
12.12.2022 11:47:48;0,9;1,41;0,9;0,86;1,1;0,00;0,8;1,01;0,9;0,78;0,9;1,55;
12.12.2022 11:47:49;0,9;1,37;0,9;0,86;1,1;0,07;0,8;1,12;0,9;0,86;0,9;1,53;
12.12.2022 11:47:50;0,9;1,37;0,9;0,96;1,1;0,19;0,8;1,05;0,9;---;0,9;1,42;,
12.12.2022 11:47:51;0,9;1,23;0,9;1,14;1,1;0,13;0,8;1,22;0,9;1,06;0,9;1,44;
12.12.2022 11:47:52;0,9;1,22;0,8;1,29;1,1;0,03;0,8;1,45;0,9;1,62;0,9;1,56;
12.12.2022 11:47:53;0,9;1,33;0,8;1,52;1,1;0,02;0,8;1,36;0,9;1,52;0,9;1,57;
12.12.2022 11:47:54;0,9;1,16;0,8;1,64;1,1;0,06;0,8;1,16;0,9;---;0,9;1,46;,
12.12.2022 11:47:55;0,9;1,05;0,8;1,57;1,1;0,08;0,8;1,07;0,9;1,20;0,9;1,31;
12.12.2022 11:47:56;0,9;0,88;0,8;1,34;1,1;0,05;0,8;1,21;0,9;---;0,9;1,37;,
12.12.2022 11:47:57;0,9;0,68;0,8;1,12;1,1;0,01;0,8;1,21;0,9;1,36;0,9;1,35;
12.12.2022 11:47:58;0,9;0,99;0,8;1,25;1,1;0,00;0,8;1,32;0,9;---;0,9;1,39;,
12.12.2022 11:47:59;0,9;1,09;0,8;0,89;1,1;0,01;0,8;1,13;0,9;1,09;0,9;1,30;
12.12.2022 11:48:00;0,9;0,99;0,9;0,99;1,1;0,01;0,8;0,96;0,9;---;0,9;1,08;,
12.12.2022 11:48:01;0,9;0,88;0,9;1,02;1,1;0,00;0,8;1,00;0,9;1,04;0,9;1,08;
12.12.2022 11:48:02;0,9;0,86;0,8;1,00;1,1;0,01;0,8;1,04;0,9;---;0,9;1,18;,
12.12.2022 11:48:03;0,9;1,04;0,9;0,87;1,1;0,00;0,8;0,91;0,9;1,14;0,9;1,25;
12.12.2022 11:48:04;0,9;1,17;0,9;0,75;1,1;0,00;0,8;0,91;0,9;0,93;0,9;1,26;
12.12.2022 11:48:05;0,9;1,32;0,9;0,80;1,1;0,00;0,9;0,80;0,9;0,96;0,9;1,44;
12.12.2022 11:48:06;0,9;1,29;0,9;0,82;1,1;0,00;0,9;0,94;0,9;0,79;0,9;1,32;
12.12.2022 11:48:07;0,9;0,99;0,9;0,87;1,1;0,00;0,9;0,81;0,9;0,67;0,9;1,02;
12.12.2022 11:48:08;0,9;0,68;0,9;0,75;1,1;0,10;0,9;0,89;0,9;0,99;0,9;1,62;
12.12.2022 11:48:09;0,9;1,06;0,9;0,69;1,1;0,25;0,9;0,94;0,9;---;0,9;1,38;,
12.12.2022 11:48:10;0,9;0,99;0,9;0,36;1,0;0,55;0,8;0,94;0,9;0,66;0,9;1,12;
12.12.2022 11:48:11;0,9;1,03;0,9;0,24;1,0;0,13;0,8;0,79;0,9;---;0,9;1,13;,
12.12.2022 11:48:12;0,9;0,93;0,9;0,19;1,0;0,22;0,8;0,83;0,9;0,82;0,9;0,86;
12.12.2022 11:48:13;0,9;0,96;0,9;0,44;1,0;0,43;0,8;0,87;0,9;0,89;0,9;0,98;
12.12.2022 11:48:14;0,9;0,95;0,9;0,64;1,0;0,43;0,9;0,80;0,9;---;0,9;0,78;,
12.12.2022 11:48:15;0,9;0,93;0,9;0,74;1,0;0,38;0,9;0,82;0,9;0,85;0,9;0,78;
12.12.2022 11:48:16;0,9;0,93;0,9;0,65;1,0;0,16;0,9;0,76;0,9;0,74;0,9;0,77;
12.12.2022 11:48:17;0,9;1,15;0,9;0,56;1,0;0,22;0,8;1,15;0,9;0,67;0,9;1,40;
12.12.2022 11:48:18;0,9;1,19;0,9;0,82;1,0;0,18;0,8;1,04;0,9;1,24;0,9;1,40;
12.12.2022 11:48:19;0,9;1,09;0,9;1,31;1,0;0,07;0,8;1,12;0,9;1,21;0,9;1,38;
12.12.2022 11:48:20;0,9;1,20;0,9;1,12;1,0;0,04;0,8;1,15;0,9;---;0,9;1,43;,
12.12.2022 11:48:21;0,9;1,21;0,8;1,01;1,0;0,04;0,8;1,04;0,9;0,96;0,9;1,36;
12.12.2022 11:48:22;0,9;0,83;0,9;0,68;1,1;0,02;0,8;0,79;0,9;0,65;0,9;1,02;
12.12.2022 11:48:23;0,9;0,86;0,9;0,59;1,1;0,03;0,9;0,49;0,9;---;0,9;1,05;,
12.12.2022 11:48:24;0,9;0,67;0,9;0,49;1,1;0,03;0,9;0,54;0,9;0,53;0,9;0,94;
12.12.2022 11:48:25;0,9;0,82;0,9;0,47;1,0;0,09;0,9;0,56;---;0,63;0,9;0,90;,
12.12.2022 11:48:26;0,9;0,80;0,9;0,52;1,1;0,12;0,9;0,67;0,9;0,56;0,9;0,72;
12.12.2022 11:48:27;0,9;0,74;0,9;0,76;1,0;0,17;0,9;0,77;0,9;0,90;0,9;0,55;
12.12.2022 11:48:28;0,9;0,72;0,9;0,54;1,0;0,22;0,9;0,58;0,9;---;0,9;0,72;,
12.12.2022 11:48:29;0,9;0,70;0,9;0,56;1,0;0,18;0,9;0,81;0,9;0,75;0,9;0,66;
12.12.2022 11:48:30;0,9;0,79;0,9;0,65;1,0;0,15;0,9;0,90;0,9;0,87;0,9;1,01;
12.12.2022 11:48:31;0,9;1,19;0,9;0,86;1,1;0,12;0,8;1,19;0,9;1,08;0,9;1,44;
12.12.2022 11:48:32;0,9;1,39;0,9;1,03;1,1;0,09;0,8;1,39;0,9;1,33;0,9;1,61;
12.12.2022 11:48:33;0,9;1,45;0,8;1,22;1,1;0,08;0,8;1,36;0,9;1,41;0,9;1,60;
12.12.2022 11:48:34;0,8;1,82;0,8;1,28;1,1;0,09;0,8;1,50;0,8;---;0,9;1,62;,
12.12.2022 11:48:35;0,8;1,74;0,8;1,23;1,1;0,07;0,8;1,48;0,8;1,48;0,9;1,61;
12.12.2022 11:48:36;0,8;1,40;0,8;1,50;1,1;0,10;0,8;1,19;0,8;1,85;0,9;1,59;
12.12.2022 11:48:37;0,8;1,39;0,8;1,22;1,1;0,08;0,8;0,86;0,8;1,46;0,9;1,35;
12.12.2022 11:48:38;0,8;1,42;0,8;0,97;1,1;0,10;0,8;0,99;0,8;0,86;0,9;1,48;
12.12.2022 11:48:39;0,8;1,53;0,8;0,85;1,1;0,07;0,8;1,23;0,8;1,30;0,9;1,57;
12.12.2022 11:48:40;0,8;1,17;0,8;1,11;1,1;0,07;0,8;1,41;0,8;1,50;0,9;1,59;
12.12.2022 11:48:41;0,8;1,09;0,8;1,25;1,1;0,04;0,8;1,44;0,8;---;0,8;1,69;,
12.12.2022 11:48:42;0,8;1,08;0,8;1,50;1,1;0,02;0,8;0,97;0,8;1,42;0,9;1,09;
12.12.2022 11:48:43;0,8;1,12;0,8;1,58;1,1;0,04;0,8;1,34;0,8;---;0,9;1,30;,
12.12.2022 11:48:44;0,8;1,25;0,8;1,59;1,1;0,07;0,8;1,51;0,8;1,57;0,9;1,58;
12.12.2022 11:48:45;0,8;1,39;0,8;1,53;1,1;---;0,8;1,36;0,8;1,38;0,9;1,52;,
12.12.2022 11:48:46;0,8;1,38;0,8;1,48;1,1;0,02;0,8;1,44;0,8;1,55;0,8;1,73;
12.12.2022 11:48:47;0,8;1,49;0,8;1,42;1,1;0,05;0,8;1,47;0,8;1,44;0,8;1,77;
12.12.2022 11:48:48;0,8;1,81;0,8;1,56;1,1;0,11;0,8;1,71;0,8;1,84;0,8;2,28;
12.12.2022 11:48:49;0,8;1,92;0,8;2,07;1,1;0,12;0,8;1,74;0,8;---;0,8;2,20;,
12.12.2022 11:48:50;0,8;1,93;0,8;1,95;1,1;---;0,8;1,68;0,8;2,07;0,8;1,98;,
12.12.2022 11:48:51;0,8;1,34;0,8;1,78;1,1;0,14;0,8;1,21;0,8;1,50;0,8;1,43;
12.12.2022 11:48:52;0,8;1,09;0,8;1,36;1,1;---;0,8;1,26;---;---;0,8;1,01;,,,
12.12.2022 11:48:53;0,8;1,09;0,8;1,36;1,0;0,16;0,8;1,40;0,8;1,27;0,8;1,42;
12.12.2022 11:48:54;0,8;1,20;0,8;1,51;1,0;0,17;0,8;1,38;0,8;1,77;0,8;1,37;
12.12.2022 11:48:55;0,8;1,21;0,8;1,58;1,0;0,13;0,8;1,10;0,8;---;0,8;1,37;,
12.12.2022 11:48:56;0,8;1,06;0,8;1,04;1,0;0,12;0,8;0,70;0,8;1,59;0,8;1,25;
12.12.2022 11:48:57;0,8;1,24;0,8;0,81;1,0;0,18;0,8;0,97;0,8;1,39;0,8;0,94;
12.12.2022 11:48:58;0,8;1,17;0,8;1,06;1,0;0,17;0,8;0,99;0,8;1,40;0,8;1,18;
12.12.2022 11:48:59;0,8;1,33;0,8;1,17;1,0;0,15;0,8;0,91;0,8;1,51;0,8;1,28;
12.12.2022 11:49:00;0,8;1,42;0,8;1,12;1,0;0,16;0,8;1,08;0,8;1,43;0,8;1,27;
12.12.2022 11:49:01;0,8;1,23;0,8;1,20;1,0;---;0,8;1,26;---;---;0,8;1,45;,,,
12.12.2022 11:49:02;0,8;1,62;0,8;1,18;1,0;0,07;0,8;1,26;0,8;1,35;0,8;1,73;
12.12.2022 11:49:03;0,8;1,81;0,8;1,32;1,0;---;0,8;1,61;0,8;1,79;0,8;1,87;,
12.12.2022 11:49:04;0,8;1,64;0,8;1,75;1,0;0,07;0,8;1,71;0,8;---;0,8;1,85;,
12.12.2022 11:49:05;0,8;1,70;0,8;1,98;1,0;0,08;0,8;1,88;0,8;1,93;0,8;2,04;
12.12.2022 11:49:06;0,8;1,92;0,8;1,99;1,0;---;0,8;2,05;0,8;2,28;0,8;2,44;,
12.12.2022 11:49:07;0,8;2,19;0,8;2,03;1,0;0,10;0,8;2,35;0,8;---;0,8;2,76;,
12.12.2022 11:49:08;0,8;2,15;0,8;2,21;1,0;---;0,8;2,20;---;2,38;0,8;2,63;,,
12.12.2022 11:49:09;0,8;1,94;0,7;2,46;1,0;0,14;0,8;2,02;0,8;2,46;0,8;2,17;
12.12.2022 11:49:10;0,8;1,98;0,7;2,10;1,0;0,14;0,7;2,16;0,8;2,44;0,8;2,43;
12.12.2022 11:49:11;0,8;2,04;0,7;2,08;1,0;0,18;0,7;2,05;---;---;0,8;2,32;,,
12.12.2022 11:49:12;0,8;1,85;0,7;2,12;1,0;---;0,7;1,95;0,8;2,66;0,8;2,24;,
12.12.2022 11:49:13;0,8;1,75;0,7;2,30;1,0;0,17;0,7;1,70;0,8;2,58;0,8;1,93;
12.12.2022 11:49:14;0,8;1,54;0,7;2,20;1,0;0,22;0,7;1,53;0,8;2,25;0,8;1,63;
12.12.2022 11:49:15;0,8;1,49;0,7;1,84;1,0;---;0,7;1,38;0,8;1,94;0,8;1,49;,
12.12.2022 11:49:16;0,8;1,47;0,7;1,72;1,0;0,18;0,7;1,28;0,8;1,83;0,8;1,45;
12.12.2022 11:49:17;0,8;1,38;0,7;1,63;1,0;0,19;0,7;1,18;0,8;1,77;0,8;1,38;
12.12.2022 11:49:18;0,8;1,37;0,7;1,46;1,0;0,18;0,7;1,16;0,8;1,63;0,8;1,38;
12.12.2022 11:49:19;0,8;1,28;0,7;1,39;1,0;0,15;0,7;1,16;0,8;1,57;0,8;1,33;
12.12.2022 11:49:20;0,8;1,29;0,7;1,44;1,0;---;0,7;1,14;0,8;1,51;0,8;1,32;,
12.12.2022 11:49:21;0,8;1,33;0,7;1,40;1,0;0,18;0,7;1,16;0,8;1,52;0,8;1,25;
12.12.2022 11:49:22;0,8;1,31;0,7;1,37;1,0;0,19;0,7;1,17;0,8;1,54;0,8;1,27;
12.12.2022 11:49:23;0,8;1,25;0,7;1,31;1,0;---;0,8;1,15;0,8;1,53;0,8;1,24;,
12.12.2022 11:49:24;0,8;1,22;0,7;1,34;1,0;0,19;0,8;1,11;0,8;1,48;0,8;1,20;
12.12.2022 11:49:25;0,8;1,17;0,7;1,24;1,0;0,18;0,8;1,05;0,8;---;0,8;1,16;,
12.12.2022 11:49:26;0,8;1,19;0,7;1,27;1,0;0,18;0,8;1,02;0,8;1,40;0,8;1,09;
12.12.2022 11:49:27;0,8;1,15;0,7;1,17;1,0;0,18;0,8;1,06;0,8;1,30;0,8;1,07;
12.12.2022 11:49:28;0,8;1,20;0,7;1,22;1,0;---;0,8;1,01;0,8;1,39;0,8;1,12;,
12.12.2022 11:49:29;0,8;1,08;0,7;1,22;1,0;0,19;0,8;1,01;0,8;---;0,8;1,01;,
12.12.2022 11:49:30;0,8;1,11;0,7;1,27;1,0;---;0,8;1,07;0,8;1,23;0,8;1,12;,
12.12.2022 11:49:31;0,8;1,19;0,7;1,04;1,0;0,21;0,7;1,12;0,8;1,45;0,8;1,19;
12.12.2022 11:49:32;0,8;1,41;0,7;1,06;1,0;0,16;0,7;0,96;0,8;1,55;0,8;1,25;
12.12.2022 11:49:33;0,8;1,29;0,7;1,35;1,0;0,20;0,7;0,87;0,8;1,38;0,8;0,99;
12.12.2022 11:49:34;0,8;1,26;0,7;0,99;1,0;---;0,7;0,69;0,8;0,94;0,8;0,93;,
12.12.2022 11:49:35;0,8;1,38;0,7;0,65;1,0;0,21;0,7;0,95;0,7;1,03;0,8;1,26;
12.12.2022 11:49:36;0,8;1,38;0,7;0,92;1,0;0,20;0,7;1,16;0,7;1,35;0,8;1,31;
12.12.2022 11:49:37;0,8;1,34;0,7;1,21;1,0;---;0,7;1,02;0,7;1,51;0,8;1,23;,
12.12.2022 11:49:38;0,8;1,25;0,7;0,91;1,0;0,16;0,7;1,05;0,7;1,41;0,8;1,22;
12.12.2022 11:49:39;0,8;1,25;0,7;1,20;1,0;0,17;0,7;1,06;0,7;1,37;0,8;1,19;
12.12.2022 11:49:40;0,8;1,30;0,7;1,28;1,0;0,11;0,7;1,11;0,7;1,38;0,8;1,31;
12.12.2022 11:49:41;0,8;1,30;0,7;1,16;1,0;0,16;0,7;1,07;0,7;1,34;0,8;1,40;
12.12.2022 11:49:42;0,8;1,54;0,7;1,37;1,0;0,16;0,7;1,39;0,7;1,33;0,8;1,66;
12.12.2022 11:49:43;0,8;1,59;0,7;1,39;1,0;0,13;0,7;1,45;0,7;1,56;0,8;1,82;
12.12.2022 11:49:44;0,8;1,53;0,7;1,32;1,0;---;0,7;1,67;0,7;1,61;0,8;1,58;,
12.12.2022 11:49:45;0,8;1,62;0,7;1,58;1,0;0,13;0,7;1,37;---;2,01;0,8;1,64;,
12.12.2022 11:49:46;0,8;1,30;0,7;1,47;1,0;0,10;0,7;1,16;0,7;1,62;0,8;1,48;
12.12.2022 11:49:47;0,8;1,49;0,7;1,30;1,0;0,14;0,7;1,16;0,7;1,40;0,8;1,53;
12.12.2022 11:49:48;0,8;1,74;0,7;1,45;1,0;---;0,7;1,62;0,7;1,48;0,8;1,99;,
12.12.2022 11:49:49;0,8;2,05;0,7;1,98;1,0;0,10;0,7;1,95;0,7;2,21;0,8;2,42;
12.12.2022 11:49:50;0,8;1,93;0,7;1,99;1,0;0,12;0,7;1,82;0,7;2,49;0,8;2,20;
12.12.2022 11:49:51;0,8;1,81;0,7;2,09;1,0;0,14;0,7;1,78;0,7;2,29;0,8;1,95;
12.12.2022 11:49:52;0,8;1,55;0,7;2,49;1,0;0,15;0,7;1,77;0,7;2,29;0,8;1,85;
12.12.2022 11:49:53;0,8;1,92;0,7;2,36;1,0;0,14;0,7;2,09;0,7;2,27;0,8;2,27;
12.12.2022 11:49:54;0,8;2,12;0,7;2,05;1,0;0,14;0,7;1,99;0,7;2,46;0,8;2,47;
12.12.2022 11:49:55;0,8;2,16;0,7;2,53;1,0;---;0,7;1,94;0,7;2,61;0,8;2,49;,
12.12.2022 11:49:56;0,8;2,26;0,7;1,99;1,0;0,10;0,7;2,17;0,7;2,24;0,8;2,48;
12.12.2022 11:49:57;0,8;2,07;0,7;1,99;1,0;---;0,7;2,03;0,7;2,38;0,8;2,51;,
12.12.2022 11:49:58;0,8;2,08;0,7;2,08;1,0;0,08;0,7;2,20;0,7;2,53;0,8;2,56;
12.12.2022 11:49:59;0,8;2,25;0,7;2,36;1,0;0,08;0,7;2,28;---;2,40;0,8;2,71;,
12.12.2022 11:50:00;0,8;2,43;0,7;2,37;1,0;0,11;0,7;2,46;0,7;2,51;0,8;2,88;
12.12.2022 11:50:01;0,8;2,17;0,7;2,59;1,0;---;0,7;2,16;0,7;2,58;0,8;2,51;,
12.12.2022 11:50:02;0,8;1,94;0,7;2,17;1,0;0,17;0,7;1,93;0,7;2,48;0,8;2,34;
12.12.2022 11:50:03;0,8;1,57;0,7;1,82;1,0;0,19;0,7;1,46;0,7;2,19;0,8;1,73;
12.12.2022 11:50:04;0,8;1,39;0,7;1,68;1,0;---;0,7;1,19;0,7;1,71;0,8;1,47;,
12.12.2022 11:50:05;0,8;1,45;0,7;1,26;---;0,21;0,7;1,33;---;1,49;0,8;1,43;,,
12.12.2022 11:50:06;0,8;1,38;0,7;1,25;1,0;0,20;0,7;1,32;0,7;1,61;0,8;1,39;
12.12.2022 11:50:07;0,8;1,42;0,7;1,61;1,0;0,21;0,7;1,34;0,7;1,73;0,8;1,40;
12.12.2022 11:50:08;0,8;1,41;0,7;1,64;1,0;0,23;0,7;1,31;0,7;1,79;0,8;1,38;
12.12.2022 11:50:09;0,8;1,26;0,7;1,60;1,0;0,20;0,7;1,31;0,7;1,83;0,8;1,28;
12.12.2022 11:50:10;0,8;1,54;0,7;1,57;0,9;0,21;0,7;1,35;0,7;1,68;0,8;1,61;
12.12.2022 11:50:11;0,7;1,51;0,7;1,57;0,9;0,20;0,7;1,15;0,7;1,76;0,7;1,43;
12.12.2022 11:50:12;0,7;1,40;0,6;1,83;---;0,13;0,7;1,16;0,7;1,66;0,7;1,36;,
12.12.2022 11:50:13;0,7;1,40;0,6;1,55;0,9;0,13;0,7;1,12;0,7;1,58;0,7;1,39;
12.12.2022 11:50:14;0,7;1,38;0,7;1,46;0,9;0,15;0,7;1,01;0,7;1,51;0,7;1,23;
12.12.2022 11:50:15;0,7;1,13;0,7;1,36;0,9;0,16;0,7;1,00;0,7;1,41;0,7;1,14;
12.12.2022 11:50:16;0,7;1,18;0,7;1,23;0,9;0,16;0,7;1,14;0,7;1,34;0,8;1,25;
12.12.2022 11:50:17;0,7;1,42;0,7;1,18;0,9;0,12;0,7;1,28;0,7;1,48;0,8;1,47;
12.12.2022 11:50:18;0,8;1,42;0,7;1,36;0,9;0,14;0,7;1,11;0,7;1,45;0,8;1,39;
12.12.2022 11:50:19;0,8;1,35;0,7;1,32;---;0,15;0,7;1,10;0,7;1,44;0,8;1,28;,
12.12.2022 11:50:20;0,8;1,39;0,7;1,33;0,9;0,18;0,7;1,16;0,7;1,49;0,8;1,27;
12.12.2022 11:50:21;0,8;1,17;0,7;1,37;0,9;0,20;0,7;0,78;0,7;1,37;0,8;1,06;
12.12.2022 11:50:22;0,8;0,88;0,7;0,95;---;0,22;0,7;0,57;0,7;1,04;0,8;0,51;,
12.12.2022 11:50:23;0,8;0,86;0,7;0,48;0,9;0,20;0,7;0,56;0,7;0,77;0,8;0,68;
12.12.2022 11:50:24;0,8;1,18;0,7;0,42;0,9;0,22;0,7;0,81;0,7;0,58;0,8;0,78;
12.12.2022 11:50:25;0,8;1,29;0,7;0,25;0,9;0,23;0,7;1,17;0,7;0,67;0,8;1,21;
12.12.2022 11:50:26;0,8;1,45;0,7;0,64;0,9;0,22;0,7;1,24;---;1,40;0,8;1,30;,
12.12.2022 11:50:27;0,8;1,42;0,7;0,69;0,9;0,21;0,7;1,27;0,7;1,57;0,8;1,32;
12.12.2022 11:50:28;0,8;1,40;0,7;0,91;0,9;0,20;0,7;1,36;0,7;1,67;0,8;1,47;
12.12.2022 11:50:29;0,8;1,38;0,7;1,26;---;0,20;0,7;1,30;0,7;1,64;0,8;1,23;,
12.12.2022 11:50:30;0,8;1,40;0,7;1,21;0,9;0,21;0,7;1,39;0,7;1,77;0,8;1,40;
12.12.2022 11:50:31;0,8;1,43;0,7;1,13;0,9;0,23;0,7;1,33;0,7;1,75;0,8;1,53;
12.12.2022 11:50:32;0,8;1,75;0,7;1,46;---;0,16;0,7;1,38;---;1,62;0,8;1,79;,,
12.12.2022 11:50:33;0,8;1,69;0,7;1,60;0,9;0,15;0,7;1,42;0,7;1,69;0,8;1,78;
12.12.2022 11:50:34;0,7;1,57;0,7;1,47;0,9;0,19;0,7;1,36;0,7;1,67;0,8;1,53;
12.12.2022 11:50:35;0,7;1,47;0,7;1,73;0,9;0,19;0,7;1,33;0,7;1,82;0,8;1,47;
12.12.2022 11:50:36;0,7;1,53;0,6;1,71;---;0,21;0,7;1,46;0,7;1,85;0,7;1,55;,
12.12.2022 11:50:37;0,7;1,64;0,6;1,82;0,9;0,21;0,7;1,58;0,7;1,94;0,7;1,77;
12.12.2022 11:50:38;0,7;1,79;0,6;1,99;0,9;0,22;0,7;1,66;---;2,10;0,7;1,87;,
12.12.2022 11:50:39;0,7;1,77;0,6;1,71;---;0,22;0,7;1,65;0,7;1,99;0,7;1,95;,
12.12.2022 11:50:40;0,7;1,88;0,6;1,68;0,9;0,21;0,7;1,71;0,7;2,25;0,7;1,99;
12.12.2022 11:50:41;0,7;1,97;0,6;1,82;0,9;0,20;0,7;1,69;0,7;2,21;0,7;1,98;
12.12.2022 11:50:42;0,7;2,07;0,6;1,89;0,9;0,21;0,7;2,05;0,7;2,34;0,7;2,27;
12.12.2022 11:50:43;0,7;2,43;0,6;1,97;0,9;0,21;0,7;2,37;0,7;2,57;0,7;2,96;
12.12.2022 11:50:44;0,7;2,30;0,6;2,43;---;0,19;0,7;2,19;---;2,77;0,7;2,61;,,
12.12.2022 11:50:45;0,7;2,02;0,6;2,20;0,9;0,17;0,6;1,89;0,7;2,37;0,7;2,38;
12.12.2022 11:50:46;0,7;2,04;0,6;2,01;0,9;0,15;0,6;1,88;---;2,11;0,7;2,44;,
12.12.2022 11:50:47;0,7;1,91;0,6;1,82;0,9;0,09;0,6;1,65;0,7;1,99;0,7;2,18;
12.12.2022 11:50:48;0,7;1,68;0,6;1,50;0,9;0,11;0,7;1,65;---;1,73;0,7;1,95;,
12.12.2022 11:50:49;0,7;1,76;0,6;1,06;0,9;0,06;0,7;1,42;0,7;1,36;0,7;1,96;
12.12.2022 11:50:50;0,7;1,51;0,6;0,83;0,9;0,04;0,7;1,64;---;1,43;0,7;1,87;,
12.12.2022 11:50:51;0,7;1,68;0,6;1,23;0,9;0,11;0,7;1,82;0,7;1,93;0,7;2,07;
12.12.2022 11:50:52;0,7;1,80;0,6;1,42;0,9;0,18;0,7;1,75;---;1,95;0,7;2,07;,
12.12.2022 11:50:53;0,7;1,67;0,6;1,45;---;0,16;0,7;1,66;0,7;1,80;0,7;1,96;,
12.12.2022 11:50:54;0,7;1,71;0,6;1,73;0,9;0,16;0,7;1,94;0,7;1,77;0,7;2,40;
12.12.2022 11:50:55;0,7;1,85;0,6;1,73;0,9;0,10;0,7;1,82;0,7;1,83;0,7;2,45;
12.12.2022 11:50:56;0,7;1,79;0,6;1,40;0,9;0,10;0,7;1,34;0,7;1,62;0,7;2,14;
12.12.2022 11:50:57;0,7;1,78;0,6;1,25;0,9;0,09;0,7;1,43;---;1,51;0,7;1,90;,
12.12.2022 11:50:58;0,7;1,54;0,6;1,24;0,9;0,10;0,7;1,31;0,7;1,28;0,7;1,49;
12.12.2022 11:50:59;0,7;1,56;0,6;1,10;0,9;0,07;0,7;1,38;---;1,26;0,7;1,62;,
12.12.2022 11:51:00;0,7;1,32;0,6;1,34;0,9;0,08;0,7;1,15;0,7;1,33;0,7;1,33;
12.12.2022 11:51:01;0,7;1,16;0,6;1,15;0,9;0,10;0,7;1,16;0,7;1,20;0,7;1,29;
12.12.2022 11:51:02;0,7;1,06;0,6;1,03;0,9;0,11;0,7;1,12;0,7;1,09;0,7;1,11;
12.12.2022 11:51:03;0,7;0,98;0,7;1,04;0,9;0,17;0,7;1,02;---;1,24;0,7;1,02;,
12.12.2022 11:51:04;0,7;1,17;0,7;1,00;---;0,18;0,7;1,03;0,7;1,34;0,7;1,07;,
12.12.2022 11:51:05;0,7;1,42;0,7;1,21;0,9;0,17;0,7;1,15;0,7;1,38;0,7;1,41;
12.12.2022 11:51:06;0,7;1,43;0,6;1,18;0,9;0,18;0,7;1,29;---;1,40;0,7;1,55;,
12.12.2022 11:51:07;0,7;1,54;0,6;1,46;0,9;0,20;0,7;1,56;0,7;1,68;0,7;1,67;
12.12.2022 11:51:08;0,7;1,54;0,6;1,61;0,9;0,17;0,7;1,35;0,7;1,97;0,7;1,55;
12.12.2022 11:51:09;0,7;1,34;0,6;1,62;0,9;0,13;0,7;1,25;---;1,74;0,7;1,44;,
12.12.2022 11:51:10;0,7;1,26;0,6;1,63;0,9;0,07;0,7;1,43;0,7;1,61;0,7;1,64;
12.12.2022 11:51:11;0,7;1,56;0,6;1,86;0,9;0,12;0,7;2,08;0,7;1,81;0,7;2,26;
12.12.2022 11:51:12;0,7;2,23;0,6;2,48;0,9;0,13;0,6;2,26;---;2,38;0,7;2,65;,
12.12.2022 11:51:13;0,7;2,45;0,6;2,89;0,9;0,14;0,6;2,33;0,7;2,72;0,7;2,86;
12.12.2022 11:51:14;0,7;2,33;0,6;2,88;0,9;0,11;0,6;2,18;0,7;2,69;0,7;2,73;
12.12.2022 11:51:15;0,7;2,02;0,6;2,63;0,9;0,12;0,6;1,99;0,6;2,49;0,7;2,44;
12.12.2022 11:51:16;0,7;1,86;0,6;2,36;0,8;0,02;0,6;1,85;---;2,33;0,7;2,28;,
12.12.2022 11:51:17;0,7;2,00;0,6;1,99;0,8;0,02;0,6;1,67;0,6;2,07;0,7;2,13;
